,Year,Receiver,Grant size (DKK),Description,Project Category,Project Title
0,2024,Lær for Livet,28.200.000,"Siden Egmont Fonden etablerede Lær for Livet i 2013, har over 1000 børn mellem 9 og 13 år startet deres sommerferie på samme måde - med en sommercamp. Campen er nemlig startskuddet på børnenes seks-årige forløb i Lær for Livet, der styrker læring, livsduelighed - og ikke mindst fællesskaber. På sommercamp sker det selvfølgelig også med masser af leg, sjov og grin. ",Et bedre liv som anbragt,"Fornyet partnerskab med Lær for Livet
↓"
1,2024,Børnehjælpsdagen,832.000,"Børnehjælpsdagens fællesskabsprogram arbejder for at skabe flere aktiviteter, nye fællesskaber, positive relationer og gøre en forskel for endnu flere anbragte børn og unge gennem styrkedage, julefester, sommertræf og camp-aktiviteter.",Et bedre liv som anbragt,"Fællesskabsprogram
↓"
2,2024,Specialsport.dk,5.000.000,"Målet er at sikre, at børn på specialskoler i højere grad bliver inkluderet i og kan få glæde af fritidsaktiviteter og de fællesskaber, der knytter sig hertil. Essensen i indsatsen er at vise og overbevise alle aktører om, at børnene kan og er i stand til at deltage, og at barrierer kan fjernes. Derfor har Specialsport.dk udviklet et program, hvor børnene kan afprøve udvalgte aktiviteter i praksis.",Godt på vej i ungdomsuddannelse,"Sportspraktik
↓"
3,2024,GAME Denmark,4.000.000,"GAME uddanner unge Playmakers. Uddannelsen gør dem i stand til at oprette og facilitere idrætsfællesskaber i deres egne lokalområder for børn og unge, der af forskellige årsager ikke ellers har adgang til sports- og foreningslivet. Derudover undervises Playmakers også i GAME's Empowerment metode, hvor de lærer om både individuelle og sociale life skills, og hvordan man skaber, faciliterer og vedligeholder gode fællesskaber.",Lige muligheder for børn i fattigdom,"Inklusion i gadeidrættens fællesskaber
↓"
4,2024,BLING,402.797,"Formålet med BLING's konkurrence För-orten er at motivere, inspirere og støtte unge fra udsatte boligområder til at styrke deres kompetencer inden for iværksætteri. Og at skabe bedre muligheder for iværksætteri, uanset hvilken baggrund man har og hvor i landet man bor.",Lige muligheder for børn i fattigdom,"FÖR-ORTEN
↓"
5,2024,Foreningen BogSpiloppen,2.999.465,Læringsulighed i sprog og ordforråd etableres tidligt og følger barnet gennem livet med negative konsekvenser for sandsynligheden for at få en ungdomsuddannelse. Denne donation styrker den sproglige udvikling af udsatte børn i daginstitutioner gennem ugentlige læsegrupper og bogpakker.,En god start på livet,"Sprogstimulering i læsegrupper
↓"
6,2024,Sveriges Stadsmissioner,1.150.000,"Der gives økonomisk støtte til børn i udsatte positioner i Stockholm, Göteborg og Skåne. Støtten går eksempelvis til julehjælp, sommeraktiviteter og udstyr og tøj ved skolestart. Den direkte, økonomiske støtte ledsages af mere langsigtede indsatser for at styrke børnenes trivsel og deres muligheder for social inklusion.",Lige muligheder for børn i fattigdom,"En Håndsrækning 2024 - Sveriges Stadsmissioner
↓"
7,2024,Norske Kvinners Sanitetsforening,1.000.000,Norske Kvinners Sanitetsforening uddeler økonomisk støtte gennem vejledningscentre til pårørende til mennesker med misbrug og/eller psykiske udfordringer. Målet med støtten er at styrke børnenes sociale relationer og muligheder for at leve et normalt børneliv.,Lige muligheder for børn i fattigdom,"En Håndsrækning 2024 - Norske Kvinners Sanitetsforening
↓"
8,2024,Dansk Folkehjælp,2.500.000,"Dansk Folkehjælp hjælper familier og børn af enlige forsørgere på overførselsindkomst, der lever i udsatte livspositioner. Dels gennem direkte støtte, der skaber glæde og ro i øjeblikket, og dels gennem langsigtede indsatser, der bidrager til varig forandring. Støtten gives fx som konfirmationshjælp, familieaktiviteter, feriehjælp, julehjælp og skolestartshjælp.",Lige muligheder for børn i fattigdom,"En Håndsrækning 2024 - Dansk Folkehjælp
↓"
9,2024,Fonden for Socialt Ansvar,2.100.000,"Uddelingerne er rettet mod børn, unge og familier i udsatte boligområder. Der uddeles økonomisk støtte til familier, der deltager i indsatserne hos Bydelsmødre eller Baba. Støtten går eksempelvis til udstyr til fritidsaktiviteter, lejrture og skole.",Lige muligheder for børn i fattigdom,"En Håndsrækning 2024 - Fonden for Socialt Ansvar
↓"
10,2024,Efterskoleforeningen,1.250.000,"Efterskoleforeningen uddeler økonomisk støtte til tilskud til efterskoleophold til familier med begrænsede økonomiske ressourcer. Unge, som vurderes at have særligt behov for et efterskoleophold pga. indlæringsvanskeligheder eller problemer i skolen eller familien, prioriteres i uddelingerne.",Lige muligheder for børn i fattigdom,"En Håndsrækning 2024 - Efterskoleforeningen
↓"
11,2024,Børnehjælpsdagen,1.750.000,Børn og unge anbragte uden for hjemmet kan via Børnenes IT-fond få tildelt støtte til en computer til skolebrug. Børn og unge med anbringelsesbaggrund kan også få støtte til at få en drøm opfyldt gennem Børnehjælpsdagens Drømmebank.,Lige muligheder for børn i fattigdom,"En Håndsrækning 2024 - Børnehjælpsdagen
↓"
12,2024,Mødrehjælpen,1.150.000,"Hvis man som gravid eller forælder til små børn deltager eller har deltaget i et rådgivningsforløb hos Mødrehjælpen, kan man blive tildelt økonomisk støtte til eksempelvis køb af babyudstyr eller en fritidsaktivitet for barnet.",Lige muligheder for børn i fattigdom,"En Håndsrækning 2024 - Mødrehjælpen
↓"
13,2024,Dansk Røde Kors,3.100.000,"Der uddeles økonomisk støtte til familier i udsatte situationer, der deltager i Røde Kors’ aktiviteter, til eksempelvis fritidsaktiviteter, børnefødselsdage og deltagelse i skole- og ferielejre. Der gives også støtte til unge flygtninge, som er kommet uledsaget til Danmark.",Lige muligheder for børn i fattigdom,"En Håndsrækning 2024 - Dansk Røde Kors
↓"
14,2023,Børns Vilkår,3.180.180,"Siden 2019 har Egmont samarbejdet med Børns Vilkår for at øge trivsel i skolen og mindske bekymrende skolefravær. Med indsatsen vil Børns Vilkår fokusere på at udbrede de gratis værktøjer, de har udviklet til skoler og kommuner til deres arbejde med at forebygge og håndtere fravær.",Godt på vej i ungdomsuddannelse,"Skolefravær løses i fællesskab
↓"
15,2023,Høje-Taastrup Kommune,3.462.300,"Børns sprog er vigtigt for deres udvikling – både fagligt og socialt. Med bevillingen fra Egmont Fonden lancerer Høje-Taastrup Kommune et ambitiøst initiativ rettet mod 800 børn i alderen 0-3 år, der er i risiko for ikke at udvikle et alderssvarende sprog. Donationen understøtter Egmonts strategiske mål om at tidligt at mindske læringsulighed, så alle børn kan gennemføre en ungdomsuddannelse.",En god start på livet,"SPROG-lighed - om at skabe chancelighed for børn i udsatte boligområder
↓"
16,2023,Børn og unge – Aarhus Kommune,3.832.780,"Indsatsen i Aarhus Kommune bygger på et styrket samarbejde mellem forældre, daginstitutioner og sundhedsplejen, og at vigtig viden om det enkelte barn fastholdes og overleveres i overgangen mellem hjem og dagtilbud. Konkret arbejder Aarhus Kommune med systematisk opsporing af børn, som viser tegn på social tilbagetrækning. Og med at udvikle en vifte af tilbud, som målrettet støtter børn i risiko og deres familie. Målet er, at børnene og familiern",En god start på livet,"Tidlig opsporing af børn med tilbagetrækning og hurtig støtte til familien
↓"
17,2023,Skolens Venner,4.213.590,"Indsatsen skal bidrage til, at alle børn og unge trives i skolen og får den nødvendige støtte, når de kæmper med matematikken. I et tæt samarbejde med lærere på skoler i hele landet vil frivillige skolevenner hjælpe de elever, der har mest brug for det.",Alle børn skal kunne læse og regne,"Flere ressourcer – styrket trivsel og selvtillid i matematik
↓"
18,2023,Sammenslutningen af Unge med Handicap (SUMH),1.135.280,Med en bevilling til Sammenslutningen af Unge med Handicap (SUMH) vil de arbejde på at udvikle elevdemokratiet på den Særligt Tilrettelagte Ungdomsuddannelse (STU) for unge med særlige behov.,På tværs af mærkesager,"STU – Vejen til deltagelse
↓"
19,2023,De Små Børns Bornholm,3.870.000,"Programmet De små børns Bornholm har en vision om, at øen i Østersøen skal være et sted med chancelighed, hvor de mindste bornholmere får den bedst mulige start på livet sammen med deres familier. Støtten fra Egmont Fonden skal blandt andet gå til at styrke samarbejdet mellem kommune og civilsamfund med målet om at skabe en lokal bevægelse, hvor bornholmerne ser børneområdet som noget, alle kan bidrage til.",En god start på livet,"De Små Børns Bornholm
↓"
20,2023,DFUNK,2.438.740,"Mange nyankomne unge med flugterfaring fortæller, at de føler sig isoleret i Danmark. Isolationen skal brydes, så de unge kan få et godt ungdomsliv, og komme godt i gang med en ungdomsuddannelse. Derfor støtter Egmont DFUNK, som vil etablere flere sociale fællesskaber for unge med flugterfaring. Desuden vil DFUNK’s ungenavigatører bidrage til, at de unge nyankomne får et bedre kendskab til uddannelsesmulighederne i Danmark.",På tværs af mærkesager,"Fra fællesskaber til uddannelse
↓"
21,2023,Stiftelsen Berätterministeriet,5.000.000,"Med bevillingen til Stiftelsen Berättarministeriet etableres et nyt uddannelsescenter i Malmø til formål for elever og lærere på nogle af Malmøs mest udsatte skoler. Gennem sjov, anderledes og kreativ læring vil centeret - eller fortælleværkstedet - styrke elevernes sprog- og fagkundskaber og understøtte lærernes professionelle udvikling. Målet med initiativet er at få flere børn til at gennemføre grundskolen.",Alle børn skal kunne læse og regne,"Etablering av Berättarministeriet i Malmø-regionen
↓"
22,2023,Forum for Mænds Sundhed,3.654.000,"“Fædrebarslen ‐ også til gavn for børn med sårbare fædre” igangsætter en omfattende kompetenceudvikling af sundhedsprofessionelle fagfolk på et nyt udviklingscenter, hvor de kan blive klædt bedre på til at arbejde med og støtte sårbare fædre på vej til og på barselsorlov.",En god start på livet,"Fædrebarslen ‐ også til gavn for børn med sårbare fædre
↓"
23,2023,Fonden for Socialt Ansvar,1.033.590,"“Far er vigtig – en barselsunderstøttende indsats” skal styrke udsatte fædre på barsel ved at understøtte fædrenes forældrekompetencer, så børn i socialt udsatte familier får den bedste start på livet.",En god start på livet,"Far er vigtig - En barselsunderstøttende indsats
↓"
24,2023,Komiteen for Sundhedsoplysning,8.408.110,"Indsatsen “Snart far – en god barsel” er et gruppebaseret mestringsforløb, der har til formål at styrke fædrenes tryghed og selvtillid i farrollen – til gavn for både far og barn.",En god start på livet,"Snart far - en god barsel
↓"
25,2023,Køge Kommune,933.125,Indsatsen 'Projekt F for far' i Køge Kommune skal igennem forskellige tiltage styrke fædres rolle under barselsperioden for at skabe en stærkere start for kommunens alleryngste borgere.,En god start på livet,"Projekt F for Far
↓"
26,2023,Egmont Fonden,2.850.000,"Formålet med årstemaet 2023 er at bidrage til, at færre børn og unge oplever matematikvanskeligheder.",Alle børn skal kunne læse og regne,"Årstema 2023: Matematikvanskeligheder
↓"
27,2022,Egmont Fonden,8.138.000,"Egmont Fonden starter et nyt signaturprojekt med fokus på alvorligt syge unge. Projektet SygtStærk skal bidrage til, at alvorligt syge unge får en ungdomsuddannelse og kan leve et godt ungdomsliv på trods af sygdom. I alt øremærker Egmont Fonden 8,14 mio. kroner til projektet SygtStærk i perioden 2023-2024.","Mere ungdom, mindre sygdom","Signaturprojekt SygtStærk
↓"
28,2022,C:NTACT,3.188.400,"C:NTACT vil involvere og kommunikere unges oplevelser og historier med frafald. Perspektiverne vil blive formidlet i teaterforestillinger, videoer, podcasts og artikler. Materiale og budskaber vil nå ud til i alt 30.000 mennesker. 45 udsatte unge vil indgå og gennemgå et personligt forløb om udviklingen og gennemførelsen af produktionerne.",Godt på vej i ungdomsuddannelse,"Unges vej til uddannelse – en 3-årig formidlingsindsats om frafald
↓"
29,2022,Dansk Folkehjælp,1.000.000,Der gives julehjælp til mad og gaver med et maksimumbeløb på 1800 kr. pr. familie. Det forventes at der gives hjælp til godt 1.000 børn. Indsatsen og støtten gives som bidrag til Dansk Folkehjælps generelle julehjælpsprogram.,Lige muligheder for børn i fattigdom,"Julehjælp
↓"
30,2022,Dansk Flygtningehjælp,4.580.250,"Med projektet Tryg skolegang for flygtningebørn vil DRC Dansk Flygtningehjælp udvikle en indsats, der tager højde for kompleksiteten i skoleudfordringerne hos flygtningebørn og børn med etnisk minoritetsbaggrund. Projektet vil særligt have fokus på den store gruppe af nytilkomne ukrainske flygtningebørn, som er kommet til Danmark henover 2022.",Alle børn skal kunne læse og regne,"Tryg skolegang for flygtningebørn
↓"
31,2022,Sveriges Stadsmissioner,1.814.460,"Der uddeles midler til julehjælp, til sommeraktiviteter og til skolestart i Gøteborg, Malmø og Stockholm.",Lige muligheder for børn i fattigdom,"Barn och unga
↓"
32,2022,Dansk Folkehjælp,5.000.000,"Dansk Folkehjælp uddeler økonomisk støtte til familier, børn og unge, som er flygtet fra krigen i Ukraine. Der uddeles til nødvendigt udstyr i forbindelse med start i daginstitution og skolestart samt til fritidsaktiviteter.",På tværs af mærkesager,"En God Start
↓"
33,2022,VIVE,493.844,Forskning om de uddannelsesmæssige resultater af at inddrage udsatte unge i deres egen sociale sag.,På tværs af mærkesager,"Forskning om de uddannelsesmæssige resultater af at inddrage udsatte unge i deres egen sociale sag
↓"
34,2022,Plus Pictures,1.382.930,"Plus Pictures producerer en dokumentar tv-serie med flere afsnit, der formidler hverdagen og personlige historier om børn, der lever i økonomisk fattigdom.",Lige muligheder for børn i fattigdom,"Dokumentar TV-serie og kampagne om børn, der vokser op i økonomisk fattigdom
↓"
35,2022,FGU Nordvestsjælland,2.112.000,"FGU Nordvestsjælland vil øge trivslen og mental sundhed blandt de studerende på FGU Nordvestsjælland. Sammen med Psykiatrien og Broen til Bedre Sundhed i Region Sjælland, Ventilen, Den kommunale Ungeindsats og Modstrøm udvikles nye tilgange og aktiviteter (rådgivning, peer-støtte og aktiviteter for at styrke de studerendes netværk og fællesskab.",Godt på vej i ungdomsuddannelse,"Bedre mental trivsel hos unge på Forberedende Grunduddannelse
↓"
36,2022,Mødrehjælpen,4.916.380,Mødrehjælpens bevilling for 2022 vedr. partnerskabet.,En god start på livet,"Partnerskabsbevilling 2022
↓"
37,2022,Skole og Forældre,3.990.000,"Formålet er at øge deltagelse og social inklusion af fattige børn, der starter i skole. Skole og Forældre vil i en iterativ proces - og i samarbejde med skolebestyrelser, lærere, forældre og børn i tre skoler - udvikle fællesskabet.dk.",Lige muligheder for børn i fattigdom,"Øget deltagelse i skolens fællesskaber for børn i fattigdom
↓"
38,2022,Læs for Livet,1.995.560,"Læs for Livet vil sikre skræddersyede og læselystskabende biblioteker til 18 institutioner for udsatte børn og unge, individuel rådgivning til institutionerne og opfølgningspakker til 30 institutioner, der tidligere har modtaget Læs for Livets biblioteker.",Et bedre liv som anbragt,"Social forandring for flere udsatte børn og unge igennem lystlæsning
↓"
39,2022,Barnens rätt i samhället (BRIS),2.800.000,"BRIS vil yde individuel støtte til flygtningebørn i modtagecentre, give professionelle i modtagecentrene TRT-uddannelse, samt yde træning til flygtningeforældre ift. integration.",På tværs af mærkesager,"Program for flygtninge
↓"
40,2022,"Lindhardt og Ringhof Forlag A/S, Alinea",1.700.000,"Lindhardt og Ringhof vil sikre, at lærere kan få tilsendt gratis undervisningsmateriale til undervisning af de mange ankomne flygtninge, således at de kan komme godt i gang med at lære dansk og får en god opstart i dansk skole.",På tværs af mærkesager,"Program for flygtninge
↓"
41,2022,Lær for Livet,635.700,"Formålet er at sikre læring, trivsel og fællesskab hos børn og unge i udsatte positioner",På tværs af mærkesager,"Lær for Livet partnerskab 2022
↓"
42,2022,Røde Kors i Danmark,5.000.000,"Der gives økonomisk støtte til netværksskabende aktiviteter for børn og unge i familier, som deltager i Røde Kors’ aktiviteter for familier i udsatte situationer. Målet er at fremme den langsigtede styrkelse af børnenes hverdagsliv og handlemuligheder. Der kan gives støtte til fritidsaktiviteter, børnefødselsdage og deltagelse i skole- og ferielejre. Endvidere gives der støtte til unge flygtninge, som er kommet uledsaget til Danmark.",På tværs af mærkesager,"En Håndsrækning 2022
↓"
43,2022,Fonden for Socialt Ansvar,3.200.000,"Formålet med uddelingerne er at yde økonomisk støtte til socialt udsatte børn og unge, som Bydelsmødre og baba kommer i kontakt med gennem deres frivillige indsatser. Denne økonomiske støtte har samtidig til formål at understøtte børnenes og de unges læring og sociale, personlige og relationelle udvikling.",Lige muligheder for børn i fattigdom,"En Håndsrækning 2022
↓"
44,2022,Mødrehjælpen,1.750.000,"Formålet at sikre en bedre trivsel og bæredygtig økonomi for den enkelte familie og børnene, som kan understøtte at mindske uligheden i læring, uddannelse og trivsel for børnene. Dette gøres gennem uddeleger til fx skoleudstyr, babyudstyr, akuthjælp osv.",Lige muligheder for børn i fattigdom,"En Håndsrækning 2022
↓"
45,2022,Dansk Folkehjælp,4.000.000,"Direkte økonomisk støtte til familier i form af feriehjælp, julehjælp, skolestartshjælp og konfirmationshjælp.",Lige muligheder for børn i fattigdom,"En Håndsrækning 2022
↓"
46,2022,Norske Kvinners Sanitetsforening,2.500.000,Direkte støtte i form af bl.a. oplevelser eller sociale aktiviteter til sårbare børn og unge.,På tværs af mærkesager,"En Håndsrækning 2022
↓"
47,2022,Efterskoleforeningen,2.000.000,Direkte økonomisk støtte i form af stipendier på 20.000 kr. til efterskoleophold.,På tværs af mærkesager,"En Håndsrækning 2022
↓"
48,2022,Børnehjælpsdagen,2.700.000,"Der gives økonomisk støtte til to forskellige formål for anbragte børn og unge; børnenes IT-fond, som er computer til skolebrug, og drømmebanken, som er opfyldelse af en drøm, som barnet ønsker sig, men ikke har mulighed for at opfylde.",Et bedre liv som anbragt,"En Håndsrækning 2022
↓"
49,2022,Mortensen Riis,624.942,"Filmene har i lighed med den oprindelige film 'Gilbert' til formål at udbrede kendskabet til de udfordringer, som alvorligt syge børn og deres forældre møder i systemet og i deres familieliv, når et barn rammes af alvorlig sygdom.","Mere ungdom, mindre sygdom","Gilberts liv på hospitalet, i skolen og derhjemme
↓"
50,2022,Norske Kvinners Sanitetsforening,1.000.000,"Støtte til nytilkomne børn, unge og familier i Norge.",På tværs af mærkesager,"Program for flygtninge
↓"
51,2022,Kronprinsparets Fond,1.597.130,Partnerskabet har til formål at reducere unges frafald fra ungdomsuddannelser i Norge.,Godt på vej i ungdomsuddannelse,"Partnerskab 2022
↓"
52,2022,Rädda Barnen (Red Barnet Sverige),2.000.000,"Støtte til nytilkomne børn, unge og familier i Sverige.",På tværs af mærkesager,"Program for flygtninge
↓"
53,2022,Red Barna,1.000.000,"Støtte til nytilkomne børn, unge og familier i Norge.",På tværs af mærkesager,"Program for flygtninge
↓"
54,2022,Norges Røde Kors,1.000.000,"Støtte til nytilkomne børn, unge og familier i Norge.",På tværs af mærkesager,"Program for flygtninge
↓"
55,2022,Dansk Flygtningehjælp,2.000.000,"Støtte til nytilkomne børn, unge og familier.",På tværs af mærkesager,"Program for flygtninge
↓"
56,2022,Røde Kors i Danmark,2.000.000,"Støtte til nytilkomne børn, unge og familier.
 ",På tværs af mærkesager,"Program for flygtninge
↓"
57,2022,Red Barnet,1.000.000,"Støtte til nytilkomne børn, unge og familier i Danmark.",På tværs af mærkesager,"Program for flygtninge
↓"
58,2022,Modstrøm,2.147.500,"Formål med partnerskabet er at skabe de fællesskaber og den forandring, der er nødvendig for, at langt flere unge får en god ungdomsuddannelse, et godt arbejde og vigtigst et godt liv.",Godt på vej i ungdomsuddannelse,"Spirepartnerskab 2022
↓"
59,2022,specialsport.dk,2.703.000,"Formålet med indsatsen er at styrke SpecialSports muligheder for at øge deltagelsen i foreningslivet blandt børn og unge med særlige behov. Fokus i indsatsen er på børn, der modtager undervisning på en specialskole.",På tværs af mærkesager,"Sportspraktik og foreningsliv til alle specialskoleelever i Danmark
↓"
60,2021,Norske Kvinners Sanitetsforening,300.000,For at imødekomme et stort behov for økonomisk støtte i målgruppen for En Håndsrækning har Egmont Fonden besluttet ekstraordinært at hæve uddelinger i 2021. NKS vil anvende den øgende uddeling til julehjælp.,Lige muligheder for børn i fattigdom,"En Håndsrækning - supplerende støtte 2021
↓"
61,2021,Børnehjælpsdagen,625.000,For at imødekomme et stort behov for økonomisk støtte i målgruppen for En Håndsrækning har Egmont Fonden besluttet ekstraordinært at hæve uddelinger i 2021. Børnehjælpsdagen vil anvende 325.000 kr. til at give computere til 50 børn gennem Børnenes IT-fond og 300.000 kr. til at udfylde drømme for 70 børn gennem Drømmebanken.,Lige muligheder for børn i fattigdom,"En Håndsrækning - supplerende støtte 2021
↓"
62,2021,Fonden for Socialt Ansvar,2.000.000,"For at imødekomme et stort behov for økonomisk støtte i målgruppen for En Håndsrækning har Egmont Fonden besluttet ekstraordinært at hæve uddelinger i 2021. Fonden for socialt ansvar vil anvende den øgende uddeling, til at støttte børn, som de ikke har kunnet støtte med den ordinære bevilling fra Egmont Fonden.",På tværs af mærkesager,"En Håndsrækning - supplerende støtte 2021
↓"
63,2021,Røde Kors i Danmark,2.000.000,For at imødekomme et stort behov for økonomisk støtte i målgruppen for En Håndsrækning har Egmont Fonden besluttet ekstraordinært at hæve uddelinger i 2021. Røde Kors vil anvende den øgede uddeling til feriestøtte. Feriestøtten uddeles i 2021 med henblik på afholdelse i 2022.,Lige muligheder for børn i fattigdom,"En Håndsrækning - supplerende støtte 2021
↓"
64,2021,Børnehjælpsdagen,1.750.000,Formålet med støtten er at give akut økonomisk hjælp til anbragte børn og unge i 10-19 år. Støtten gives i form af en bærbar pc til understøttelse af skolegangen eller opfyldelse af en drøm for et anbragt barn/ung.,Et bedre liv som anbragt,"En Håndsrækning 2021
↓"
65,2021,Fonden for Socialt Ansvar,1.000.000,"Formålet med støtten er at yde økonomisk støtte til udsatte børn og unge, som Bydelsmødre og baba kommer i kontakt med gennem deres frivillige indsatser. Denne økonomiske støtte har samtidig til formål at understøtte børnenes og de unges læring og sociale, personlige og relationelle udvikling.",Lige muligheder for børn i fattigdom,"En Håndsrækning 2021
↓"
66,2021,Efterskoleforeningen,1.300.000,"Der gives støtte til unge, som vurderes at have særligt behov for et efterskoleophold på grund indlæringsvanskeligheder eller problemer i skolen og/eller familien, prioriteres i uddelingerne.",På tværs af mærkesager,"En Håndsrækning 2021
↓"
67,2021,Mødrehjælpen,1.750.000,Støtten går direkte til økonomisk trængte gravide og familier med børn. Formålet er at styrke og ruste familierne til at kunne skabe et godt liv for dem selv og deres børn.,Lige muligheder for børn i fattigdom,"En Håndsrækning 2021
↓"
68,2021,Norske Kvinners Sanitetsforening,2.000.000,"Økonomisk støtte til børn og unges fritid, skole og læring i Norge.",På tværs af mærkesager,"En Håndsrækning 2021
↓"
69,2021,Røde Kors Danmark,3.500.000,"Røde kors uddeler støtten til børn, unge, familier samt nyankomne flygtninge, som har det til fælles, at de er en del af en længerevarende social indsats i Røde Kors.",På tværs af mærkesager,"En Håndsrækning 2021
↓"
70,2021,Egmont Fonden,3.000.000,Katalytisk Årstema 2021 med formålet at inddrage børn og unge fra fattige familier og tilvejebringe solid viden om fattigdommens konsekvenser set fra et børne- og ungeperspektiv.,Lige muligheder for børn i fattigdom,"Fattigdom set fra et børne- og ungeperspektiv
↓"
71,2021,Kronprinsparets Fond,1.520.770,Egmont Fonden og Kronprinsparrets Fond indgik i marts 2020 et partnerskab for perioden 2020-2024. Partnerskabet har til formål at nedbringe frafaldet på ungdomsuddannelserne i Norge med særligt fokus på de mest udsatte unge.,Godt på vej i ungdomsuddannelse,"KPF partnerskab 2021
↓"
72,2021,Ungdommens Røde Kors,975.788,Studiestøtte og livsmestring til anbragte på døgninstitutioner og i efterværn.,Et bedre liv som anbragt,"Mere end bare skole
↓"
73,2021,Modstrøm,3.187.500,"Egmont Fonden og Modstrøm er i perioden 2020-2024 indgået i et partnerskab. Modstrøm arbejder for at hjælpe den gruppe af unge, som mange beslutningstagere har talt om som problematiske og udsatte – som en restgruppe. Gennem indsatsen vil Modstrøm og Egmont Fonden sikre, at eleverne på FGU's stemmer høres og at ideer og løsninger bliver hørt og styrket i de afgørende år, hvor FGU finder sin form som uddannelse.",Godt på vej i ungdomsuddannelse,"Modstrøm spirepartnerskab 2021
↓"
74,2021,My Dream Now,1.917.750,"My Dream Now connecter frivillige i betalende partnervirksomheder med unge mennesker, som vokser op i et udsat område/udsat position og derfor mangler forbilleder og viden om muligheder i uddannelse og arbejdsliv. Bevillingen er givet til at udvikle organisationen over tre år (kapacitetsopbygning og skalering).",Godt på vej i ungdomsuddannelse,"My Dream Now - utveckling
↓"
75,2021,Børns Vilkår,4.754.500,Formålet med partnerskabet er hjælp til børn og unge med bekymrende skolefravær.,Godt på vej i ungdomsuddannelse,"Partnerskab 2022
↓"
76,2021,Lær For Livet,5.643.000,"Lær for Livet er et initiativ fra Egmont Fonden, som har til hensigt at styrke anbragte børn og unges læring og livsduelighed gennem intensive læringsforløb og en opfølgende mentorordning.",Et bedre liv som anbragt,"Partnerskabsbevilling 2021
↓"
77,2021,Red Barnet Ungdom,1.247.060,"Formålet med prejektet er at udvikle og teste et nyt frivilligdrevet koncept bestående af målrettede tilbud og aktiviteter, der støtter gruppen af udskolingselever, som er i risiko for ikke at komme godt videre efter grundskolen eller helt falde ud af uddannelsessystemet.",Godt på vej i ungdomsuddannelse,"Prejekt - klar til uddannelse
↓"
78,2021,Dansk Folkehjælp,2.355.000,"Den første skoledag er en vigtig dag i ethvert barns liv. Men det kan være en stor finansiel byrde for økonomisk fattige familier at anskaffe sig de nødvendige skoleredskaber. Derfor har dansk folkehjælp udviklet et program der hjælper med at skaffe nødvendige skoleredskaber til disse familier. Derudover vil alle familier der modtager støtte blive opfordret til, at deltage i Dansk Folkehjælps netværksskabende aktiviteter.",Lige muligheder for børn i fattigdom,"Skolestarthjælp
↓"
79,2021,De Anbragtes Vilkår,8.132.000,"Formålet med indsatsen er at understøtte den positive udvikling, som De Anbragtes Vilkår har gennemgået over de seneste år. Med ’Børnene først’-reformen venter der et vigtigt, men krævende implementeringsarbejde set fra et børne- og ungeperspektiv. DAV fokuserer særligt på, at styrke anbragte børn og unges skolegang.",Et bedre liv som anbragt,"Spirepartnerskab
↓"
80,2021,Barnens rätt i samhället (BRIS),5.118.550,"Intiativet dækker en kapacitetsudvidelse af bemandingen om natten på børnetelefonen (12-18 år) & udvikling af et koncepet, som tilskynder fagprofessionelle m.fl. til underrentinger af småbørn i risiko (0-6 år).",På tværs af mærkesager,"Støtte til børn i alle aldre - yderligere styrkelse af børns rettigheder i Sverige
↓"
81,2021,Special Skills,2.200.000,"Special Skills’ overordnede formål er at skabe et praksisnært vejledningsarrangement for børn og unge, der modtager specialundervisning, så de børn og unge, der deltager, kan blive medinddraget i deres kommende uddannelsesvalg ud fra et oplyst grundlag. Gennem deltagelse i Egmont Fondens spireprogram vil Special Skills udbrede vejledningsaktiviteterne til hele landet, og målet er at nå ca. 3.000 – 3.600 børn årligt ved udgangen af 2024.",Godt på vej i ungdomsuddannelse,"Vejledningdsplatform for børn og unge med særlige behov
↓"
82,2020,Hansen & Pedersen,1.000.000,"Instruktør Mette Korsgaard laver en dokumentarfilm, som skal skabe forståelse for den situation, som de børn og unge, der kommer i Joannahuset, befinder sig i. Målet er, at filmen skal give et kvalificeret indspark til den offentlige debat og politikudvikling på området.",På tværs af mærkesager,"Dokumentarfilm om børnene fra Joannahuset
↓"
83,2020,"Børn, Unge & Sorg",1.000.000,"Med Egmont Fondens jubilæumspris vil Børn, Unge & Sorg gøre deres psykologhjælp til sorgramte børn og unge tilgængelig flere steder i landet, ligesom prisen vil gå til at understøtte Børn, Unge & Sorgs corona-hotline. På hotlinen kan børn, unge og forældre i hele landet få gratis psykologhjælp til svære tanker og følelser udløst af corona.","Mere ungdom, mindre sygdom","Egmont Fondens 100-års jubilæumspris
↓"
84,2020,Læs for Livet,1.000.000,Egmont Fonden markerer sit 100-års jubilæum ved at give en pris og 1 mio. kr. til organisationen Læs for Livet. Pengene skal bruges på at udbrede biblioteker og motivere flere udsatte børn og unge til lystlæsning.,Et bedre liv som anbragt,"Egmont Prisen - fordi vi kæmper for børnene!
↓"
85,2020,Fonden for Socialt Ansvar,800.000,"Der gives støtte til børn fra familier, som deltager i Bydelsmødre og Babas indsatser, og som har brug for akut økonomisk støtte til faglige og sociale aktiviteter, der styrker børnenes læring og evner til at klare sig godt i livet. Langt hovedparten af familierne har etnisk minoritetsbaggrund. Støtten kan fx gå til fritidsaktiviteter, lejrture og skoleudstyr.",Lige muligheder for børn i fattigdom,"En Håndsrækning
↓"
86,2020,Efterskoleforeningen,1.300.000,"Der gives støtte på op til 20.000 kr. over to kalenderår til betaling af efterskoleophold for unge fra familier med en samlet årsindtægt på under 240.000 kr. før skat. Unge, som vurderes at have særligt behov for et efterskoleophold på grund indlæringsvanskeligheder eller problemer i skolen og/eller familien, prioriteres i uddelingerne.
 ",Lige muligheder for børn i fattigdom,"En Håndsrækning
↓"
87,2020,Børnehjælpsdagen,1.750.000,"Der gives økonomisk støtte til to forskellige formål for anbragte børn og unge: 1. Børnenes IT-Fond: Computer til skolebrug med dertilhørende vejledning om programmer mv. til styrkelse af børnene og de unges læring 2. Drømmebanken: Opfyldelse af en drøm, som barnet og den unge brændende ønsker sig, men ikke har mulighed for at opfylde. Det kan fx være at besøge sine bedsteforældre i Grønland eller deltagelse i en fodboldcamp.",Et bedre liv som anbragt,"En Håndsrækning
↓"
88,2020,Mødrehjælpen,1.750.000,"I 2019 indgik Egmont Fonden og Mødrehjælpen partnerskabet 1000 Dage, som skal nå udsatte gravide og småbørnsfamilier med rådgivning og støtte. Som led i partnerskabet skal En Håndsrækning målrettes denne målgruppe gennem udviklingen af særlige babypakker. Det er SBAs forventning, at de første babypakker vil blive uddelt i løbet af 2020.",En god start på livet,"En Håndsrækning
↓"
89,2020,Norske Kvinners Sanitetsforening,2.000.000,"Der gives økonomisk støtte til at opfylde ønsker fra børn og unge, som kommer fra familier i langvarig fattigdom, eller som har flygtningebaggrund. Målet er at styrke deres sociale relationer og muligheder for at leve et normalt børneliv. Det kan fx omfatte støtte til ferie, fritidsaktiviteter eller konfirmation samt støtte til udgifter i forbindelse med skolestart.",Lige muligheder for børn i fattigdom,"En Håndsrækning
↓"
90,2020,Røde Kors Danmark,3.500.000,"Der gives økonomisk støtte til netværksskabende aktiviteter for børn og unge i familier, som deltager i Røde Kors’ aktiviteter for familier i udsatte situationer. Målet er at fremme den langsigtede styrkelse af børnenes hverdagsliv og handlemuligheder. Der kan gives støtte til fritidsaktiviteter, børnefødselsdage og deltagelse i skole- og ferielejre. Endvidere gives der støtte til unge flygtninge, som er kommet uledsaget til Danmark.",Lige muligheder for børn i fattigdom,"En Håndsrækning
↓"
91,2020,Røde Kors i Danmark,1.000.000,"Røde Kors oplever, at mange familier, som er i målgruppen for En Håndsrækning har et øget støttebehov som følge af coronakrisen. Egmont Fonden har derfor ekstraordinært bevilget yderligere 1,0 mio. kr. til uddelinger under En Håndsrækning.",Lige muligheder for børn i fattigdom,"En Håndsrækning 2020 - supplerende bevilling
↓"
92,2020,Norske Kvinners Sanitetsforening,1.000.000,"NKS har oplevet en stor stigning i ansøgninger om En Håndsrækning under coronakrisen. I marts er deres distribution tredoblet i forhold til marts 2019. Støtten skal bidrage til yderligere uddelinger under Egmont Fondens program En Håndsrækning, hvor de forventer at nå yderligere 300 børn med støtte til fritids- og skoleaktiviteter.",Lige muligheder for børn i fattigdom,"En Håndsrækning 2020 - supplerende bevilling
↓"
93,2020,Skolens Venner,3.936.220,"Foreningen Skolens Venner blev stiftet i 2013 med det formål at skabe mulighed for et mere åbent og nærværende miljø i klassen, som kan fremme læring generelt for eleverne, og samtidig skabe bedre mulighed for at fremme social inklusion og læring for socialt sårbare.",Alle børn skal kunne læse og regne,"Frivillige skolevenner - en trivselsindsats i indskolingen
↓"
94,2020,Læseforeningen,1.461.000,"Formålet med indsatsen er, at flere småbørn i udsatte og sårbare familier får mulighed for at vokse op med litteratur og læsning som en integreret del af deres liv, som et første og vigtigt skridt til at udligne læringsulighed og berede vejen for en ungdomsuddannelse.",Godt på vej i ungdomsuddannelse,"Højtlæsning og fællesskab for udsatte forældre og deres børn
↓"
95,2020,Egmont Fonden,500.000,"Bevillingen går til en katalytisk indsats, der sigter mod formidling af læring fra de tilskud, der er anført ovenfor.",På tværs af mærkesager,"Katalytisk bevilling
↓"
96,2020,Lær for Livet,1.768.000,På grund af de sundhedsmæssige begrænsninger forårsaget af coronakrisen er det ikke muligt at afvikle camps som planlagt om sommeren og sandsynligvis ikke for resten af 2020. Støtten skal gå til at omorganisere camps om sommeren og i efteråret. I alt forventer Lær for Livet tilmelding fra ca. 230 børn og 20 tidligere børn som rollemodeller.,Et bedre liv som anbragt,"Learning camps i lyset af coronakrisen
↓"
97,2020,Lær for Livet,6.000.000,"Et 4-årigt partnerskab med Lær for Livet (LFL) med en samlet investering på DKK 24 mio. Investeringen er opdelt i årlige tilskud som fordeles, hvis partnerskabet udvikler sig positivt. Tilskuddet for 2020 udgør 6 mio. kr.",Et bedre liv som anbragt,"Lær for Livet 2020-2023
↓"
98,2020,De Anbragtes Vilkår,300.000,"Siden 2018 har De Anbragtes Vilkår været en del af Egmont Fondens Spireprogram med det formål at formidle perspektiverne for børn, der er placeret i pleje om relevante politiske spørgsmål. Deres vision er at forbedre forholdene for børn og unge, der er placeret i pleje og positivt støtte deres lærings- og livsfærdigheder.",Et bedre liv som anbragt,"Midlertidig kapacitet til ungeinddragelse
↓"
99,2020,Modstrøm,3.520.000,"Modstrøm vil øge mulighederne for, at unge på og omkring FGU gennemfører en ungdomsuddannelse ved at opbygge selvværd, skabe en følelse af at kunne få indflydelse på verden og tage ansvar for egne problemer sammen samt ved at forbedre rammer og indhold på FGU.",Godt på vej i ungdomsuddannelse,"Modstrøm
↓"
100,2020,Børnehjælpsdagen,139.000,"Børnehjælpsdagen erfarer, at mange anbragte børn og unge har det svært og oplever modløshed som følge af coronasituationen. Derfor vil de laver et online motivationsmateriale, som kan formidles til alle anbragte børn og unge i Danmark. Efterfølgende vil materialet indgå som et fast element i Drømmebanken.",Et bedre liv som anbragt,"Online redskab til Drømmebanken
↓"
101,2020,Mødrehjælpen - 1000 Dage,3.038.990,"I partnerskab med Egmont Fonden vil Mødrehjælpen gennem programmet 1000 Dage bidrage til opfyldelsen af Småbørnsløftets mål om, at de første 1.000 dage af alle børns liv er præget af tryghed og stimulering, så de lige fra fødslen trives og får alsidige muligheder for at lære og udvikle sig. Målsætningen er at støtte forældre til mere end hvert femte af de ca. 60.000 børn, der hvert år fødes i Danmark.",En god start på livet,"1000 Dage
↓"
102,2020,Kronprinsparets Fond,1.034.960,"Formålet med Flyt-programmet er at styrke livsmestring og forbedre mulighederne for at gennemføre en ungdomsuddannelse hos de unge, som deltager i programmet. Bevillingen skal sikre skalering af Flyt-programmet og ungeinddragelse.",Godt på vej i ungdomsuddannelse,"Flyt-programmet
↓"
103,2020,Red Barnet Ungdom,4.447.540,"Partnerskabets titel er Mod på Skolelivet, og målsætningen er at give 5.000 børn i hele Danmark et bedre skoleliv ved at engagere 3.500 unge frivillige i læringsaktiviteter. Partnerskabet bygger videre på RBU's Læringscafeer, som i forvejen var støttet af Egmont Fonden. Ambitionen er, at partnerskabet sætter varige spor både for det enkelte barn, i den danske indsats for udsatte børns læring og for RBU's rolle som en stærk aktør på feltet.",Alle børn skal kunne læse og regne,"Mod på Skolelivet
↓"
104,2020,Søllested Landsbyordning,490.005,Bevillingen til Søllested Landsbyordning går til styrket samarbejde og brug af anti-mobbe-værktøjer.,På tværs af mærkesager,"Pulje om den gode skolestart
↓"
105,2020,Th. Langs Skole,400.000,Bevilling til Th. Langs Skole går til læseklubber og aktiv inddragelse af skolebørnene.,På tværs af mærkesager,"Pulje om den gode skolestart
↓"
106,2020,"Skoledistrikt Nord og Dagtilbud Nord, Frederikshavn Kommune",427.000,"Bevillingen til til Skoledistrikt Nord, Frederikshavn Kommune går til tidlig opsporing af udsatte børn.",På tværs af mærkesager,"Pulje om den gode skolestart
↓"
107,2020,Lundehusskolen,510.210,Bevillingen til Lundehusskolen går til tidlig identifikation og dedikeret støtte.,På tværs af mærkesager,"Pulje om den gode skolestart
↓"
108,2020,Havrehedskolen,545.848,Bevillingen til Havrehedskolen går til træning i resilience.,På tværs af mærkesager,"Pulje om den gode skolestart
↓"
109,2020,"Snejbjerg Skole, SFO og Børneuniverset Snejbjerg",400.000,Bevillingen til Snejbjerg Skole og SFO går til et forbedret overgangsprogram og forældrestøtte.,På tværs af mærkesager,"Pulje om den gode skolestart
↓"
110,2020,Egtved Skole,539.560,Bevillingen til Egtved Skole går til uddannelse i konfliktløsning og støtte til forældre.,På tværs af mærkesager,"Pulje om den gode skolestart
↓"
111,2020,Samarbejde efter Skilsmisse,2.964.120,"Samarbejde efter Skilsmisse ApS vil udvikle og afprøve en digital intervention, der reducerer de negative konsekvenser ved samlivsbrud hos børn og unge, relateret til læringsvanske-ligheder, psykisk og social mistrivsel og generel livsduelighed. Interventionen skal udvikles som et ekstra modul til det eksisterende SES til forældre.",På tværs af mærkesager,"SES Børn
↓"
112,2020,Børns Vilkår,837.000,"Støtten skal bidrage til at opretholde kapaciteten og imødekomme det stigende antal henvendelser fra børn og unge, der kontakter BørneTelefonen. Derudover skal støtten bidrage til løbende analyse for at sikre, at alle rådgivere både på BørneTelefonen og ForældreTelefonen er klædt på med relevant og tilstrækkelig viden om coronakrisen. Data vil også blive brugt til bisidderordning.",På tværs af mærkesager,"Styrket børnetelefon under coronakrisen
↓"
113,2020,Syddansk Universitet - Statens Institut for Folkesundhed,449.458,"Formålet med undersøgelsen er at afdække, hvordan sundhedsplejersker vurderer sundhed, trivsel og udvikling hos små børn i udsatte boligområder sammenlignet med andre små børn.",Lige muligheder for børn i fattigdom,"Sundhed, trivsel og udvikling blandt børn fra udsatte boligområder
↓"
114,2020,"Center for Læseforskning, Københavns Universitet",5.400.000,"Initiativet har to formål: (1) at udvikle, afprøve og dokumentere redskaber til opsporing af elever i risiko for ordblindhed i 2. klasse med henblik på at lukke det nuværende hul mellem Ordblinderisikotesten (0.-1. klasse) og Ordblindetesten (fra foråret 3. klasse), og (2) at udvikle og afprøve individuelt tilpassede undervisningsforløb til elever i risiko for ordblindhed i 1. klasse.",Alle børn skal kunne læse og regne,"Tidlig opsporing af ordblindhed og forebyggende undervisning
↓"
115,2020,Røde Kors i Norge,647.149,"Kors på Halsen er en telefonisk hjælpelinje til børn og unge i Norge. Støtten skal bidrage til at forlænge åbningstiderne, åbne et ekstra callcenter i Bergen og øge bemandingen i callcentret i Oslo indtil december 2020 med det formål at imødekomme det øgede behov for rådgivning hos børnene og de unge.",På tværs af mærkesager,"Tillægsbevilling til Kors på halsen - corona
↓"
116,2019,Egmont Fonden,2.350.000,"Egmont Fondens sætter i 2019 fokus på ""Den gode skolestart"". Indsatsområdet sætter fokus på, hvad den gode skolestart, hvilke konsekvenser det har, og hvordan man kan styrke den gode skolestart for at sikre bedre læring og livsduelighed for børn og unge. I løbet af 2019 danner indsatsområdet rammen om de større kommunikationsaktiviteter, herunder Folkemødet.",Lige muligheder for børn i fattigdom,"Den gode skolestart
↓"
117,2019,Holbæk Kommune,245.000,"Holbæk Kommune ønsker at sikre, at tosprogede, ordblinde elever bliver diagnosticerede på lige fod med ikke-tosprogede elever, samt at de modtager en indsats målrettet deres specifikke vanskeligheder. For at opnå dette igangsættes kompetenceudvikling af lærere og læsevejleder med fokus på ordblindhed, tosprogethed, opsporing af tosprogede ordblinde samt viden om, hvordan man understøtter tosprogede ordblinde i undervisningen.",Alle børn skal kunne læse og regne,"Diagnosticering, indsats og forældreinddragelse: En systematisk indsats for tosprogede ordblinde
↓"
118,2019,Socialt Udviklingscenter SUS,1.000.000,"SUS vil lave en afdækning af eksisterende initiativer, der fremmer den tidlige, sproglige og socio- emotionelle udvikling, her benævnt tidlig literacy-initiativer.",På tværs af mærkesager,"Early Literacy
↓"
119,2019,Røde Kors Danmark,9.000.000,"Røde Kors i Danmark vil udvikle en ny indsats for sårbare, vordende og nye forældre baseret på en-til-en støtte. Hver familier matches med en frivillig fra Røde Kors, som skal støtte forældrene i at skabe en trygge, omsorgsfulde og stimulerende omgivelser for barnet. For at sikre en helhedsorienterende tilgang til familien vil indsatsen blive koordineret med den lokale sundhedspleje og med Røde Kors øvrige indsatser for sårbare familier.",En god start på livet,"En God Start
↓"
120,2019,"Mødrehjælpen, Fonden for Socialt Ansvar, Røde Kors, Efterskoleforeningen, Norske Kvinners Sanitetsforening og Børnehjælpshjælpsdagen",10.700.000,"Egmont Fonden har afsat 50 mio. kr. til En Håndsrækning i perioden 2017-2021 til udsatte børn og deres familier. Pengene skal gå til akut økonomisk hjælp til de børn og familier, der har allermest brug for det.",På tværs af mærkesager,"En Håndsrækning
↓"
121,2019,Skolecenter Jetsmark,250.000,"Skolecenter Jetsmark ønsker at intensivere deres indsats for at hjælpe studerende, der er diagnosticeret med dysleksi, som har utilstrækkelig forældremæssig støtte ved at videreuddanne deres lærere til bedre at imødekomme disse børns behov og ved at øge deres forældres engagement og støtte. De deltagende børn vil blive involveret i den løbende evaluering og tilpasning af de forskellige initiativer.",Alle børn skal kunne læse og regne,"Fokus på den læsesvage og ordblinde elev i alle fag og i hjemmet
↓"
122,2019,Folkekirkens Familiestøtte,2.320.000,"Folkekirkens Familiestøtte tilbyder støtte til familier, som har brug for hjælp til at skabe strukturerede, omsorgsfulde og stimulerende omgivelser for deres børn. Folkekirkens Familiestøtte er ikke forkyndende, og der tilbydes støtte til alle familier uanset religiøs overbevisning. Målet er, at Folkekirkens Familiestøtte i 2022 er til stede i 32 provstier, og at indsatsen derefter er uafhængig af ekstern støtte.",En god start på livet,"Folkekirkens Familiestøtte
↓"
123,2019,DeltagerDanmark,797.114,"DeltagerDanmark har med støtte fra Egmont Fonden etableret organisationen Modstrøm, der er en organisation for unge på omkring den nye FGU. Målet er, at Modstrøm kan etablere sig som en selvstændig organisation og som den officielle elevorganisation på FGU-området.",Godt på vej i ungdomsuddannelse,"Forlængelse af etableringen af Modstrøm
↓"
124,2019,Røde Kors Danmark,250.000,"Hvert år distribuerer Dansk Røde Kors julehjælp til familier, der er økonomisk berettiget. I løbet af de sidste år er antallet af familier, der modtager julehjælp gennem Røde Kors, steget fra 1.600 i 2010 til 11.750 i 2018. I 2019 forventer Røde Kors at distribuere julehjælp til 12.500 familier.",Lige muligheder for børn i fattigdom,"Julehjælp
↓"
125,2019,Køng Idrætsfriskole,210.000,"Køng Idrætsfriskole vil udvikle og være vært for en årlig sommercamp for dysleksiske børn og deres forældre i socialt udfordrede familier. Sommercamps'ne vil omfatte en lang række læringsaktiviteter, herunder digital læring og aktiviteter, der er fokuseret på social og personlig læring.",Lige muligheder for børn i fattigdom,"Køng Idrætsfriskoles sommerlejr for ordblinde og deres familier
↓"
126,2019,Lær for Livet,6.845.000,Lær for Livet er et læringsporgram for anbragte børn i alderen 9-13 år. Målet er at støtte børnene til at gennemføre en ungdomsuddannelse via læringscamp og frivillig mentorstøtte. Programmet arbejder bl.a. med at styrke børnenes læringslyst og venskaber mellem børnene men også skolefærdigheder i dansk og matematik.,Et bedre liv som anbragt,"Lær for Livet 2019
↓"
127,2019,Læs for Livet,250.000,"Læs for Livet vil producere og udgive to børnebøger med letlæselig tekst rettet mod børn i alderen 2-6 år. Formålet er at støtte dysleksiske forældre og andre voksne f.eks. undervisere til at læse højt for små børn. Bøgerne vil blive distribueret ved donation til bl.a. anbringelsesintstitutioner, krisecentre og gennem samarbejde med civilsamfundsorganisationer.",Alle børn skal kunne læse og regne,"Læs højt og let
↓"
128,2019,Nationalt Videncenter for Læsning,3.930.000,"Formålet er at styrke ordblinde børns skriftsproglige kompetencer med en indsats, hvor forældre, lærere, socialpædagoger, læsevejledere og -konsulenter samarbejder om børnenes skriftsproglige udvikling, så deres chance for senere uddannelse forbedres. Indsatsen målretter sig ordblinde børn fra udfordrede hjem.",Alle børn skal kunne læse og regne,"Læsesucces for ordblinde børn - et tværfagligt samarbejde om ordblinde børns læseudvikling
↓"
129,2019,Norske Kvinners Sanitetsforening,423.760,"Mamma Mia er et gratis, webbaseret, interaktivt læringsprogram i Norge, som skal styrke forældrekompetencer hos kommende og nye forældre. Programmet strækker sig fra den tidligere graviditet til seks måneder efter fødslen.",En god start på livet,"Mamma Mia – et selvhjelpsprogram mot fødselsdepresjon - modernisering
↓"
130,2019,Red Barnet Ungdom,4.054.490,"Gennem partnerskabet med Egmont Fonden udvikler og formidler RBU læringsinitiativer, der giver 5.000 børn fra 60 af landets mest udfordrede skoler en bedre mulighed for at gennemføre en ungdomsuddannelse. Gennem partnerskabet tilbydes børnene læringsmæssig og social støtte under RBU's frivilligt baserede læringscafeer i skolerne og individuel og frivillig hjælp med lektierne (kaldet ”Lektievenner”) til de børn, der har mest behov.",Godt på vej i ungdomsuddannelse,"Mod på skolelivet
↓"
131,2019,Ungdomsskoleforeningen,1.946.850,"Når ord giver mening, er en helhedsorienteret indsats i fire kommuner for 18 ordblinde elever i 6.- 8. klasse samt deres forældre med et særligt fokus på dobbeltudfordrede elever med ordblindhed og svag social baggrund. Med helhedsorienteret menes der, at der arbejdes med personlige og sociale kompetencer som supplement og løftestang i den faglige ordblindeundervisning.",Alle børn skal kunne læse og regne,"Når ord giver mening
↓"
132,2019,Kronsprinsparets Fond,1.794.810,"Egmont Fonden har indgået et partnerskab med Kronprinsparets Fond. Egmont Fondens bevilling vil i udgangspunktet primært være rettet mod to organisationer, Trivselsleder og Arbeidsinstituttet i Buskerud.",På tværs af mærkesager,"Partnerskab
↓"
133,2019,Københavns Professionshøjskole,3.540.060,"Københavns Professionshøjskole (KP) vil udvikle og implementere et program, hvor frivillige studerende yder støtte til 125 børn, der risikerer en vanskelig skolestart. Børnene vil identificeres af fagfolk i børnehaven og vil modtage individuel støtte fra en frivillig studerende over en periode på 9 måneder.",Godt på vej i ungdomsuddannelse,"Skolestartsvenner: En frivillig indsats, der støtter sårbare børn i skolestarten
↓"
134,2019,Skolens Venner,1.225.000,"Skolens Venner er en del af Egmont Fondens spireprogram og arbejder for at sikre gode børnefællesskaber særligt i indskolingen gennem skolevenner. Med Egmont Fondens støtte skal Skolens Venner bl.a. udvikle en plan for, hvordan konceptet kan skaleres til flere skoler.",Alle børn skal kunne læse og regne,"Spireprogram
↓"
135,2019,C:NTACT,3.288.000,"Egmont Fonden har indgået et 3-årigt samarbejde med medie- og teaterorganisationen C:NTACT, som styrker udsatte unges stemme i den offentlige debat gennem teaterproduktioner, podcasts og film. Gennem de unges personlige fortællinger er det målet at styrke de unge selv samt inspirere fagprofessionelle til at forbedre forholdene for udsatte unge.",På tværs af mærkesager,"Styrkelse af unge udsattes stemmer via scenekunstneriske virkemidler
↓"
136,2019,Sprogklar,270.900,"Sprogklar vil udvikle og afprøve en tidlig opsporingsmodel til anvendelse i børnehaven for ikke-vestlige børn, som har en øget risiko for ordblindhed samt udvikle og afprøve en tidlig indsats der er målrettet disse børn. Indsatsen udføres af pædagoger, som ansøgeren vil efteruddanne i indsatsgrupper bestående af fem børn. Indsatsen ville finde sted i børnenes egne lokale børnehaver.",Alle børn skal kunne læse og regne,"Tidlige indsatser for børn med ikke-vestlig baggrund, som har øget risiko for ordblindhed
↓"
137,2019,Maple,598.400,"Maple vil udarbejde en kvalitativ undersøgelse med interview og observationer blandt ordblinde unge med en svag social baggrund, forældre, lærere og andre fagpersoner. Den nye viden formidles via en kortfattet, visuel rapport, film i forskellige formater, artikler og oplæg og målrettes relevante aktører på området.",Alle børn skal kunne læse og regne,"Unge med ordblindhed: motivation og barrierer for gennemførsel af en erhvervsuddannelse
↓"
138,2019,FGU Midt-Vest,250.000,"Indsatsen sigter mod at udvikle, teste og implementere et koncept for ordblinde-ambassadører, hvor unge ordblinde på FGU'et lfor støtte til at klare de faglige, sociale og følelsesmæssige udfordringer forårsaget af ordblindhed - og samtidig lærer, hvordan de kan hjælpe andre unge ordblinde. Målet er, at denne empowerment af vil styrke de involverede unges selvtillid.",Alle børn skal kunne læse og regne,"Unge ord-ambassadører på FGU
↓"
139,2019,SOMENTUM,220.000,"Dette lokale community-initiativ har til formål at støtte ordblinde unge, som er i risiko for ikke at gennemføre en ungdomsuddannelse. SOMENTUM vil give frivillig mentorstøtte og uddannelsesrådgivning til de unge samt inddrage forældrene heri. Målgruppen er unge (14-17 år), der for nylig er blevet diagnosticeret med dysleksi, og som er motiverede til at gennemføre en ungdomsuddannelse.",Godt på vej i ungdomsuddannelse,"’Det er aldrig for sent….’
↓"
140,2018,"Mødrehjælpen, Røde Kors, Efterskoleforeningen, Norske Kvinners Sanitetsforening og Børnehjælpsdagen",9.900.000,"Egmont Fonden har afsat 50 mio. kr. til En Håndsrækning i perioden 2017-2021 til udsatte børn og deres familier. Pengene skal gå til akut økonomisk hjælp til de børn og familier, der har allermest brug for det. Egmont Fonden uddeler ikke længere selv denne støtte. I stedet uddeles den via fem danske og en norsk organisation, som er i tæt kontakt med de børn og unge, som har behov for støtten",På tværs af mærkesager,"En Håndsrækning
↓"
141,2018,Lær for Livet,390.000,"Lær for Livet er et initiativ fra Egmont Fonden, som har til hensigt at styrke anbragte børn og unges læring og livsduelighed gennem intensive læringsforløb og en opfølgende mentorordning. Lær for Livet har flyttet lokaler pga. opsigelse af lejemål, hvilket Egmont Fonden har hjulpet med at støtte.",På tværs af mærkesager,"Flytteomkostninger
↓"
142,2018,Maple,99.000,"Det strategiske konsulenthus MAPLE foretog i 2018 en etnografisk analyse om udsatte familiers støttebehov på vegne af Egmont Fonden. Der har været stor interesse for studiets resultater hos relevante interessenter og faggrupper, hvorfor Egmont Fonden har givet en ekstra bevilling til MAPLE til yderligere formidling og kommunikation af resultater.",En god start på livet,"Formidling af resultater fra studie af udsatte småbørnsforældres støttebehov
↓"
143,2018,Bornholms Regionskommune,1.993.820,"Egmont Fonden har støttet et forprojekt, som skal være basis for implementeringen af et stor-skalaprojekt på Bornholm med fokus på småbørn og reduktion af læringsulighed. Formålet med forprojektet er at sikre, at de forskellige tiltag, som starter efteråret 2018, igangsættes på et solidt grundlag.",En god start på livet,"Forprojekt: De små børns Bornholm
↓"
144,2018,Maple,538.000,"Det strategiske konsulenthus MAPLE foretog i 2018 en etnografisk analyse om udsatte familiers støttebehov på vegne af Egmont Fonden. Denne analyse skal bl.a. på sigt være med til at kvalificere de initiativer, som er initieret af tilsluttere af Småbørnsløftet.",En god start på livet,"Forældre, der er svære at nå
↓"
145,2018,Ungdomsskoleforeningen,1.388.420,"Ungdomsskoleforeningen har udvidet deres nuværende program, ""Turboforløb i Ungdomsskolen"", også kaldet Læringslokomotivet, med en indsats rettet særligt mod forældre til børn, der indgår i Læringslokomotivet. Gennem træning af forældrene ved workshops og netværk blandt forældrene, vil projektet søge at øge den positive læringseffekt for de deltagende børn.",Alle børn skal kunne læse og regne,"Forældrekupeen
↓"
146,2018,Børns Vilkår,5.559.030,Egmont Fonden og Børns Vilkår er indgået et 5-årigt samarbejde for at hjælpe børn og unge med et højt skolefravær. Partnerskabet skal blandt andet gennem rådgivning og hjælp ruste forældre og børn til at afhjælpe problemet samt samle aktører på skole- og socialområdet i et netværk med fokus på at udpege centrale udfordringer og mulige løsninger relateret til skolefravær.,Alle børn skal kunne læse og regne,"Hjælp til børn med højt fravær
↓"
147,2018,VIVE,1.812.610,"Bevillingen går til et kvantitativt forskningsprojekt foretaget af VIVE om inddragelse af udsatte børn i børnesager. Projektet vil have fokus på, i hvilken grad udsatte børn oplever at blive inddraget af fagprofessionelle i deres egne sager samt undersøge sammenhængen mellem børneinddragelse, helbred og uddannelse af udsatte børn.",På tværs af mærkesager,"Inddragelse af udsatte børn og unge i sagsbehandlingen
↓"
148,2018,ADHD-foreningen,4.785.000,"Siden 2011 har ADHD-foreningen udbudt et 12- ugers forældretræningsprogram, Kærlighed i Kaos (KiK), til forældre med børn i alderen 3-9 år, der har diagnosen ADHD. For at sikre bedre udbredelsen har ADHD-foreningen udviklet en digital version af programmet, KiK NU!, som tillader forældre mere fleksibel deltagelse i programmet.",På tværs af mærkesager,"KiK NU!
↓"
149,2018,De Anbragtes Vilkår,1.087.000,"Gennem spireprogrammet støtter Egmont Fonden organisationen De Anbragtes Vilkår, som er en interesseorganisation for anbragte børn og unge. Bevillingen vil primært gå til kapacitetsopbygning af organisationen.",Et bedre liv som anbragt,"Konceptinvestering
↓"
150,2018,DeltagerDanmark,1.347.100,"Målet er at skabe en ny bevægelse for udsatte unge på kanten af uddannelsessystemet centreret omkring de unge på de forberedende tilbud. Bevægelsen skal skabe strukturelle forbedringer (fx lovændringer og ændringer på skolerne) for målgruppen samt give de unge håb og motivation ved at blive inddraget. Formålet med konceptinvesteringen er at begynde etableringen af bevægelsen, rekruttere stærke ungeledere og udvikle en bæredygtig forretningsplan.",Godt på vej i ungdomsuddannelse,"Konceptinvestering
↓"
151,2018,Røde Kors Norge,4.503.200,"Kors på Halsen er det norske svar på Børns Vilkårs børnetelefon og drives af Norsk Røde Kors. Lig den danske børnetelefon hjælper de gennem den anonyme hjælpeline hvert år tusindvis af børn, som er udsat for vold, overgreb og lignende. Egmont Fondens bevilling skal gå til at øge antallet af norske børn, som kan modtage hjælp fra børnetelefonen samt styrke udsatte børns stemmer gennem øget fortalervirksomhed.",På tværs af mærkesager,"Kors på Halsen
↓"
152,2018,Mikkel Stoltenberg Bruun,125.000,"Med støtte fra Egmont Fonden har den tidligere Teach-First graduate Mikkel Stoltenberg Bruun etablerede NGO'en ""Lektiepiloter"", som hjælper forældre med at hjælpe deres børn med lektierne.",Alle børn skal kunne læse og regne,"Lektiepiloter
↓"
153,2018,Ordblindetræning,3.750.000,"Med støtte fra Egmont Fonden har Ordblindetræning udviklet et læringskoncept for ordblinde børn og unge, som kommer fra ressourcesvage hjem. Konceptet indebærer bl.a. ugentlige kurser for børn, online mentoring fra frivillige mentorer, forældretræning og kurser for de ordblinde børns lærere.",Alle børn skal kunne læse og regne,"Læringsforløb for ordblinde elever fra ressourcesvage hjem
↓"
154,2018,MaryFonden,5.715.000,"Læseleg er et udbredt læsningsprogram for børnehavebørn, der har til hensigt at styrke børns sprog, selvtillid og sociale kompetencer. Læseleg 2.0 er en videreudvikling af det oprindelige program, som har særligt fokus på børn med sprogvanskeligheder.",En god start på livet,"Læseleg 2.0
↓"
155,2018,Information,250.000,"Med støtte fra Egmont Fonden tilbød Information i efteråret 2018 et kort medieskoleforløb for unge, ordblinde mellem 18 og 30 år. De unge får bl.a. undervisning i at skrive debatindlæg, og hvordan man optræder som kilde i medierne mhp. at styrke udsatte unges stemme i den offentlige debat.",Godt på vej i ungdomsuddannelse,"Medieskole for ordblinde
↓"
156,2018,Esbjerg Kommune,5.700.000,Egmont Fonden har støttet udviklingen og implementeringen af en ny støttefunktion for ordblinde børn og unge i Esbjerg Kommune. Støttefunktionen har til hensigt at udvikle relevante værktøjer og læringsprogrammer for ordblinde børn såvel som intensive læringsforløb for både de ordblinde børn og deres forældre.,Alle børn skal kunne læse og regne,"Nye veje i den kommunale understøttelser af elever med konstateret ordblindhed
↓"
157,2018,Egmont Fonden,2.430.000,"Egmont Fondens fokus i 2018 er ordblindhed: ""Vi, de ordblinde"". Indsatsområdet sætter fokus på, hvad det vil sige at være ordblind, hvilke konsekvenser det har, og hvordan man kan styrke ordblinde børn og unges læring og livsduelighed. I løbet af 2018 danner indsatsområdet rammen om de større kommunikationsaktiviteter, herunder Børnetopmøde og Folkemødet.",Alle børn skal kunne læse og regne,"Ordblindhed
↓"
158,2018,Red Barnet Ungdom,409.467,"Gennem Partnerskabet mellem Egmont Fonden og Red Barnet Ungdom tilbydes udsatte børn og unge faglige støtte i RBU's læringscaféer i skolen. De børn, som har et større fagligt støttebehov, tilbydes en ung frivillig lektieven, der en gang om ugen hjælper med lektier i hjemmet. Herudover skal partnerskabet give de fagligt og socialt udsatte børn en stærkere stemme gennem løbende fortalervirksomhed og ved at kapacitetsopbygge RBU.",Alle børn skal kunne læse og regne,"Partnerskab
↓"
159,2018,Kronprinsparets Fond,1.708.100,"Egmont Fonden har indgået et partnerskab med Kronprinsparets Fond, hvormed Egmont Fonden vil blive en af fem hovedsamarbejdspartnere for Kronprinsparets Fond. Egmont Fondens bevilling vil i udgangspunktet primært være rettet mod to organisationer, Trivselsleder og Arbeidsinstituttet i Buskerud, da deres arbejdsform og fokus tydeligt ligger inden for Egmont fondens strategiske fokus.",På tværs af mærkesager,"Partnerskab
↓"
160,2018,Tænketanken DEA,1.649.000,"I 2016 tog Egmont Fonden og Tænketanken DEA initiativ til at danne Småbørnsalliancen, hvor 30 beslutningstagere, fonde, civilsamfundsorganisationer og forskere har deltaget med det formål at bidrage til at mindske læringsulighed for de små børn. Alliancen afsluttede sit arbejde i udgangen af 2017, og resultatet er blevet et småbørnsløfte, som alliancens medlemmer har tilsluttet sig.",En god start på livet,"Sekretariatet for Småbørnsløftet
↓"
161,2018,Red Barnet,6.460.000,"Red Barnets ""Småbørnsklubber"" er en forældreindsats målrettet udsatte familier med børn i alderen 0-6 år. Projektet har til hensigt at styrke forældrekompetencer og robusthed for på sigt at sikre bedre læring og livsduelighed for udsatte børn og unge.",En god start på livet,"Småbørnsklubber
↓"
162,2018,"Ungdomsmedicinsk Videnscenter, Rigshospitalet",90.000,"Fra 2008 til 2018 har Egmont Fonden støttet etableringen og implementeringen af Ungdomsmedicinsk Videnscenter. Centret har bl.a. udviklet Ungepanel.dk, som er en national organisation for unge med kroniske lidelser.
 ","Mere ungdom, mindre sygdom","Ungepanel.dk
↓"
163,2017,Information,308.400,"Formidlingsindsatsen bygges op om et medieskoleforløb, hvor mellem 15 og 20 anbragte eller tidligere anbragte unge trænes i selv at stå frem og deltage i samfundsdebatten. Erfaringerne fra medieskoleforløbet samles i en manual om, hvordan udsatte børn og unge bedst hjælpes til at komme til orde i den offentlige debat, som distribueres til centrale aktører, der arbejder på området.",På tværs af mærkesager,"Formidlingsindsats - Dem vi taler om, skal tale selv
↓"
164,2017,Kvinners Sanitetsforening,1.284.230,"Formålet med indsatsen Læseven er at styrke læringen og livsdueligheden hos de børn, som er i risiko for ikke at udvikle sig alderssvarende sprogligt og socio-emotionelt. Det sker ved, at voksne frivillige læser højt for børnene og dermed også fungerer som rollemodeller for børnene. Målgruppen er børn med svage familierelationer og børn, som vokser op i lavindkomstfamilier.",Alle børn skal kunne læse og regne,"Læseven
↓"
165,2017,Lær for Livet,8.646.770,"Lær for Livet er et initiativ fra Egmont Fonden, som har til hensigt at styrke anbragte børn og unges læring og livsduelighed gennem intensive læringsforløb og en opfølgende mentorordning. Lær for Livet har flyttet lokaler pga. opsigelse af lejemål, hvilket Egmont Fonden har hjulpet med at støtte.",Et bedre liv som anbragt,"Lær for Livet
↓"
166,2017,Efterskoleforeningen,1.966.750,"Bevillingen går til afprøvning af model for intensive læringsforløb for elever med læringsvanskeligheder i efterskolernes 9. klasse. Læringsforløbene skal styrke elevernes faglige, sociale og personlige kompetencer med henblik på at øge elevernes uddannelsesparathed, så de opfylder kravene til at blive optaget på en ungdomsuddannelse. Samtidig skal forløbene styrke elevernes lyst og evne til at indgå i de sociale fællesskaber på skolerne.",Godt på vej i ungdomsuddannelse,"Læringsforløb på efterskoler
↓"
167,2017,Kronprinsparets Fond,3.924.920,"Egmont Fonden har indgået et partnerskab med Kronprinsparets Fond, hvormed Egmont Fonden vil blive en af fem hovedsamarbejdspartnere for Kronprinsparets Fond. Egmont Fondens bevilling vil i udgangspunktet primært være rettet mod to organisationer, Trivselsleder og Arbeidsinstituttet i Buskerud, da deres arbejdsform og fokus tydeligt ligger inden for Egmont fondens strategiske fokus.",På tværs af mærkesager,"Partnerskab
↓"
168,2017,Red Barnet Ungdom,4.119.530,Egmont Fonden har indgået et partnerskab med Red Barnet Ungdom fra 2017 og fremefter. Partnerskabet skal give i alt 5.000 fagligt og socialt udsatte børn på 60 af landets mest udfordrede skoler bedre mulighed for at gennemføre en ungdomsuddannelse. Igennem partnerskabet tilbydes de udsatte børn faglig støtte i RBUs læringscaféer i skolen og en frivillig lektieven efter behov.,Godt på vej i ungdomsuddannelse,"Partnerskab
↓"
169,2017,Dansk Skoleskak,8.744.750,"Bevillingen går til et aktionslæringsforløb og et effektstudium, der skal fremme elevinddragelse med henblik på at styrke faglighed, trivsel, motivation og læringslyst for børn i læringsvanskeligheder.",Alle børn skal kunne læse og regne,"Skoleskak for Alle
↓"
170,2017,DeltagerDanmark,150.000,"DeltagerDanmark er optaget i fase 1 af Egmont Fondens Spireprogram. Formålet er at etablere en bevægelse, der kan engagere udsatte børn og unge i Danmark – og sammen med de unge gennemføre konkrete handlinger, der skaber forandringer i den måde, samfundet behandler udsatte børn og unge på.",Lige muligheder for børn i fattigdom,"Spireprogram
↓"
171,2017,2 timer om ugen,947.600,"2 Timer om Ugen er en lille organisation, der arbejder for at styrke tosprogede børns sproglige, kulturelle og sociale udvikling før og omkring skolestart ved at matche tosprogede børn mellem 5 og 8 år med en voksen, dansk frivillig. Barnet og den frivillige mødes to timer om ugen og laver forskellige aktiviteter, som understøtter barnets sproglige udvikling og giver barnet en forståelse for dansk kultur.",Alle børn skal kunne læse og regne,"Spireprogram
↓"
172,2017,Danmarks Fonde,25.000,"Danmarks Fonde er et netmedie, der formidler historier om praksis og resultater, som kan inspirere og skabe debat i og omkring fondssektoren. Ambitionen er at skabe en øget identitet omkring sektoren, som kan markere en tydeligere profil til det modtagende samfund og de politiske beslutningstagere.",På tværs af mærkesager,"Sponsorat til Danmarks Fonde
↓"
173,2017,"Center for Familiebehandling og Psykologisk Rådgivning, Københavns Kommune",7.499.170,"Københavns Kommune skal med støtte fra Egmont Fonden og A.P. Møller Fonden udvikle og implementere en indsats i samarbejde med Gladsaxe Kommune med det formål at skabe de bedste forudsætninger for, at traumatiserede børn og unge fra udsatte familier kan få en god skolegang og herigennem mulighed for at skabe sig et godt liv med uddannelse og job.",Lige muligheder for børn i fattigdom,"Styrket indlæring, bedre skolegang
↓"
