,Year,Receiver,Grant size (DKK),Description,Project Category
0,2024,Kunstnernes Påskeudstilling,100.000,Kunstnernes Påskeudstilling – KP24,Samtidskunst
1,2024,Ars Nova Copenhagen,700.000,Tilknytning af Sofi Jeannin som ny chefdirigent for Ars Nova Copenhagen,Klassisk musik
2,2024,Det Blå Sted,316.784,Ungeindsatsen,Unges mentale sundhed
3,2024,Glad Fonden,1.824.408,Forebyggelse af mistrivsel hos unge med kognitive handicap,Unges mentale sundhed
4,2024,Foreningen Opera på Grænsen,200.000,Operaen FRANCISKA,Klassisk musik
5,2024,Vontrapp,60.000,Mother Soldier,Klassisk musik
6,2024,Golden Days,200.000,Kunstprogram på Bloom – festival om natur og videnskab 2024,Samtidskunst
7,2024,figur s/i,220.000,Klassisk på Kanten (Aarhus) & Klassisk på Kajen (Odense) – flydende koncerter i havnen,Klassisk musik
8,2024,Aarhus Kammerorkester,200.000,Støtte til tre koncertprojekter i 2024,Klassisk musik
9,2024,Nikolaj Kunsthal,1.667.000,Fortsættelse af udstillingsrummet Platform for unge kunstnere og kuratorer i Nikolaj Kunsthal,Samtidskunst
10,2024,Kirkens Korshær,3.000.000,Fremtidens Herberg Aalborg,Nordjylland
11,2024,Motherboard,600.000,Kun stemmen bliver tilbage,Klassisk musik
12,2024,Himmelev Sogns Menighedsråd,500.000,Kirkedør til Trekroner Kirke,Samtidskunst
13,2024,Opera i Rebild,150.000,Opera i Rebild,Klassisk musik
14,2024,Foreningen for Kunstnerdrevet Udstillingssted i Vordingborg,200.000,Orthunga,Samtidskunst
15,2024,TietgenSkolen,370.000,Stedsspecifik og permanent udsmykning af TietgenSkolens nye campus,Samtidskunst
16,2024,Copenhagen Photo Festival,400.000,Copenhagen Photo Festivals 15 års jubilæum 6.-16. juni 2024,Samtidskunst
17,2024,Ønskeland,3.600.000,Ønskeland – Et pausehus for alvorlig og kronisk syge børn og deres familier,Nordjylland
18,2024,Københavns Museum,165.000,Udvikling af lydkunstværk af Jacob Kirkegaard til Københavns Museum,Samtidskunst
19,2024,De Frivilliges Hus Aalborg,1.778.384,Bro for Dig – brobygning for STU-elever til frivillige fællesskaber,Nordjylland
20,2024,Copenhagen Contemporary,1.000.000,Marta Minujín: INTENSIFY LIFE,Samtidskunst
21,2024,Aalborg Pirates,3.142.230,Fritidshelte,Unges mentale sundhed
22,2024,Kammermusikfestival på Lundsgaard Gods Kerteminde,600.000,Kammermusik på Lundsgaard 2024-2026,Klassisk musik
23,2024,Josefine Opsahl,200.000,EKKO – en mytisk og kønsdivers opera,Klassisk musik
24,2024,Festival & Friends,450.000,Festival & Friends (Treårig støtte 2024-2026),Klassisk musik
25,2024,K!ART,75.000,K!ART Ensemble for new music and performance art 2024,Klassisk musik
26,2024,BYGGEFORENINGEN AF 1933,66.445,Fede Fællesskaber i Byg 33.,Unges mentale sundhed
27,2024,Golden Days,150.000,ARBEJDSTID – Et nyt værk af Christian Falsnaes til Golden Days Festival,Samtidskunst
28,2024,Fonden Chart,200.000,CHART 2024 – det offentlige program,Samtidskunst
29,2024,"Kunstnernes Efterårsudstilling, v/bestyrelsesmedlem Laura Stamer",75.000,Kunstnernes Efterårsudstilling 2024,Samtidskunst
30,2024,K!ART,100.000,MINU_festival_for_expanded_music 2024,Klassisk musik
31,2024,Det Kgl. Bibliotek,640.000,Fotokunst i Den Sorte Diamant 2.0.,Samtidskunst
32,2024,Psykiatrien- Region Nordjylland,29.991.024,Best for You-DK,Nordjylland
33,2024,NEKO3,100.000,NEKO3 activities 2025-26,Klassisk musik
34,2024,KØS Museum for kunst i det offentlige rum,1.800.000,KØS UDSTILLINGSPROGRAM 2024 – 2026,Samtidskunst
35,2024,Kaj Arne Peter Pedersen,6.000,Legat – tidligere CW Obels Støttefond,Nordjylland
36,2024,Maciej Plocharski,25.000,Det Obelske Familiefonds Undervisningspris,Nordjylland
37,2024,Jannie Sønderkær Nielsen,50.000,Det Obelske Familiefonds Undervisningspris,Nordjylland
38,2024,Giorgio Bacci,25.000,Det Obelske Familiefonds Undervisningspris,Nordjylland
39,2024,Marie Jull Sørensen,25.000,Det Obelske Familiefonds Undervisningspris,Nordjylland
40,2024,Marianne kongerslev,25.000,Det Obelske Familiefonds Undervisningspris,Nordjylland
41,2024,Aalborg Kommune,576.300,Mental sundhed og mestring i folkeskolen – forældreindsats,Nordjylland
42,2024,nordjyllandslejren,40.000,nordjyllandslejren 2024,Nordjylland
43,2024,Danmarks Tekniske Universitet,1.500.000,"Et kunstprojekt af Ann Veronica Janssens til Nanolab Phase 4, Danmarks Tekniske Universitet",Samtidskunst
44,2024,Brandts,2.250.000,Fremtidens fibre – International samtidskunst 2025-2028,Samtidskunst
45,2024,Ungdomsøen,654.028,Ø-RØDDERNE: UNGES VEJ TIL BYGGEBRANCHEN,Unges mentale sundhed
46,2024,Settlementet Vesterbro,4.459.880,Kreative fællesskaber i Saxogade sikrer udsatte unges adgang til uddannelse og job,Unges mentale sundhed
47,2024,Kunstnersammenslutningen Koloristerne,75.000,Kunstnersammenslutningen Koloristernes fremtidige udstillinger,Samtidskunst
48,2024,Glad Fonden,118.133,Tillæg til ansøgning 69002 / Glad Fonden,Unges mentale sundhed
49,2024,Reden Aalborg – KFUKs Sociale Arbejde,2.447.139,Øget mental sundhed og trivsel gennem psykolog- og rådgivningstilbud – til unge kvinder der har byttet eller solgt seksuelle ydelser,Nordjylland
50,2024,KUNSTEN – Museum of Modern Art Aalborg,753.900,Forlig med Haaning,Samtidskunst
51,2024,De Frivilliges Hus Aalborg,56.184,Tillæg til ansøgning 69211 – Bro for Dig – brobygning for STU-elever til frivillige fællesskaber,Nordjylland
52,2023,Skriveklubben,132.000,"Kognitiv adfærdstræning positioneret som et fritidstilbud, der tilbyder et specialiseret litterært skriveforløb for børn og unge med autisme med eller i risiko for skolevægring.",Unges mentale sundhed
53,2023,Thy Masterclass,75.000,Thy Kammermusikfestival 2023,Nordjylland
54,2023,Læseforeningen,3.247.310,Skønlitterær mentorordning styrker unge i udsatte positioner,Unges mentale sundhed
55,2023,Foreningen Kunst og Mental Sundhed,5.981.960,REWRITALIZE din Recovery,Unges mentale sundhed
56,2023,Vendsyssel Festival,50.000,Vendsyssel Festival 2023,Nordjylland
57,2023,Ensemble Mutatis,180.000,Mahlers Metamorfoser vol. 2 – Successen med Mahlers Symfonier i et nyt format fortsætter,Klassisk musik
58,2023,Københavns Professionshøjskole,1.510.000,MENNESKELIGE VÆRDIER MØDER KUNSTIG INTELLIGENS,Samtidskunst
59,2023,Rudolph Tegners Museum & Statuepark,800.000,Tegners Museums særudstillinger 2023-2025,Samtidskunst
60,2023,Kammermusikfestival på Lundsgaard Gods Kerteminde,156.717,Kammermusik på Lundsgaard 2023,Klassisk musik
61,2023,Frederiksbergmuseerne,600.000,Treårigt udstillingsprogram i Møstings,Samtidskunst
62,2023,Munkeruphus,400.000,Realisering af Munkeruphus’ udstillings- og eventprogram i 2023-2024,Samtidskunst
63,2023,JP/Politikens Hus A/S,1.250.000,Arbejdstitel: ‘Dansk samtidskunst indtager Rådhuspladsen / Politikens Forhal på Rådhuspladsen’,Samtidskunst
64,2023,LGBT Danmark,2.042.660,Bedre trivsel for LGBT+ unge,Unges mentale sundhed
65,2023,Cigarmagernes Klub,23.700,"Aalborg Historiske Museum, Gammel Estrup Museum samt Ærø cigaren.",Nordjylland
66,2023,Overgaden – Institut for Samtidskunst,2.700.000,Overgadens udstillingsprogram 2024-2026,Samtidskunst
67,2023,Golden Days,200.000,Kunstprogrammet på Bloom 2023,Samtidskunst
68,2023,New Shelter Plan,69.000,New Shelter Plan KIOSK program 2/2023,Samtidskunst
69,2023,K!ART,100.000,K!ART Ensemble for new music and performance art 2023,Klassisk musik
70,2023,Festival & Friends,100.000,Festival & Friends 2023,Klassisk musik
71,2023,Musikfest Schackenborg,75.000,Schackenborg Musikfest 2023,Klassisk musik
72,2023,Opera i Rebild,40.000,Opera i Rebild,Nordjylland
73,2023,Danmarks Idrætsforbund,705.000,IDRÆTTEN SKABER LIVSBANER,Unges mentale sundhed
74,2023,Kaj Arne Peter Pedersen,6.000,Legat – tidligere CW Obels Støttefond,Nordjylland
75,2023,Bentha Nielsen,6.000,Legat – tidligere CW Obels Støttefond,Nordjylland
76,2023,Bernice Evelyn Ottesen,14.400,Legat – tidligere CW Obels Støttefond,Nordjylland
77,2023,Elvermose Klassiske Koncerter,35.000,Tværinstitutionelle samarbejder på Elvermose,Klassisk musik
78,2023,Nørgaards Højskole,200.000,Ny udsmykning af Erik A. Frandsen til Nørgaards Højskole,Samtidskunst
79,2023,GirlTalk.dk,1.800.000,Forankring af GirlTalk Aalborg,Nordjylland
80,2023,Golden Days,125.000,Udstillingsprogram til ’Kornmark på Nikolaj Plads’,Samtidskunst
81,2023,"UNHCR, FN’s Flygtningeorganisation",750.000,"Ekstraordinær bevilling til UNHCR, FN’s Flygtningeorganisations nødhjælpsindsats i Syrien og Tyrkiet efter jordskælv",Unges mentale sundhed
82,2023,Hicsum,50.000,Wien bleibt Wien,Klassisk musik
83,2023,Forfatterskolen PS!,4.686.902,"Skrivekunst, fællesskab og empowerment – Et treårigt projekt for unge med psykisk lidelse",Unges mentale sundhed
84,2023,Udvejes Venner,40.000,Det Sociale Liv,Unges mentale sundhed
85,2023,Dansk Røde Kors,750.000,Ekstraordinær bevilling til nødhjælp til jordskælvsofre i Syrien,Unges mentale sundhed
86,2023,K!ART,100.000,MINU_festival_for_expanded_music 2023,Klassisk musik
87,2023,"Center for Seksuelle Overgreb, Afd. for Kvindesygdomme, Juliane Marie Centret, Rigshospitalet",600.412,Craft som redskab til at øge unges mentale robusthed efter seksuelle overgreb – et udviklingsprojekt,Unges mentale sundhed
88,2023,Collega,100.000,Collegas udstillingsprogram 2024,Samtidskunst
89,2023,Astrid Noacks Atelier,45.000,"’Something has Ended, Everyone can Feel It’: Three Studies of a World in Disorder",Samtidskunst
90,2023,Fonden Musikkens Hus i Nordjylland,850.000,To-årigt musikalsk løft af Aalborg Operafestival,Klassisk musik
91,2023,Fonden Chart,200.000,CHART 2023 – offentlige program,Samtidskunst
92,2023,KFP11 (Markus von Platen),1.350.000,Støtte til program og udvikling 2024-2026,Samtidskunst
93,2023,"Kunstnernes Efterårsudstilling, v/bestyrelsesmedlem Laura Stamer",50.000,Ansøgning om tilskud til Kunstnernes Efterårsudstilling 2023,Samtidskunst
94,2023,The Lone Strøyberg Scholarship Community Interest Company,100.000,The Lone Strøyberg Scholarship,Nordjylland
95,2023,Aalborg Studenterterapi,450.000,"Husleje, supervision og økonomisk konsulent for treårig periode (2025-2027)",Nordjylland
96,2023,Jes Lynning Harfeld,50.000,Det Obelske Familiefonds Undervisningspris,Nordjylland
97,2023,Per Østergaard,25.000,Det Obelske Familiefonds Undervisningspris,Nordjylland
98,2023,Jorge Ivan Contreras Cardeno,25.000,Det Obelske Familiefonds Undervisningspris,Nordjylland
99,2023,Ludvig Johan Torp Rasmussen,25.000,Det Obelske Familiefonds Undervisningspris,Nordjylland
100,2023,Casper Steinmann,25.000,Det Obelske Familiefonds Undervisningspris,Nordjylland
101,2023,Fonden ASPIRANTERNE,3.000.000,ASPIRANTERNE,Unges mentale sundhed
102,2023,Dansk Flygtningehjælp,2.200.000,Psykosociale indsatser til ukrainske flygtninge i Danmark,Unges mentale sundhed
103,2023,"FRAKTAL – Ventesal for samtidskunst, lyd og poesi",100.000,Biotop,Samtidskunst
104,2023,SUS – Socialt Udviklingscenter,1.745.630,Partnerskab for nye løsninger på unges mistrivsel i Aalborg,Unges mentale sundhed
105,2023,Struer Kommune,600.000,"The Receiver, Struer af Christian Skjødt Hasselstrøm",Samtidskunst
106,2023,HFKD ( Huset for Kunst & Design),500.000,2 årigt udstillingsprogram 2024-2025,Samtidskunst
107,2023,Cabi,3.400.000,Grobund til fremtiden,Unges mentale sundhed
108,2023,SIND Ungdom,3.614.549,"Flere skal med: Styrket rekruttering, modtagelse og tilknytning af unge og frivillige i lokale fællesskaber for psykisk sårbare unge",Unges mentale sundhed
109,2023,Teater Nordkraft,500.000,Partnerskoleprojekt for 23/24 og 24/25 på Teater Nordkraft,Nordjylland
110,2023,Det Kongelige Teater,6.000.000,Tre operaværker med nykomponeret musik i Operaen 2024-26,Klassisk musik
111,2023,Klitgaarden Fonden,60.000,"Kunstnerophold på Klitgaarden Refugium, Skagen",Samtidskunst
112,2023,Foreningen Camerata Øresund,70.000,Camerata Øresund koncertprojekter i efterår/vinter 2023,Klassisk musik
113,2023,Kulturhus Kappelborg/Skagen Kammermusikfestival,60.000,Skagen Kammermusikfestival 2023,Klassisk musik
114,2023,Foreningen PixlArt,100.000,PixlArt – 3-årig støtte til udstillingsprogram og udvikling af kunst- og kulturmiljøet i Nordjylland,Nordjylland
115,2023,Viborg Kunsthal,450.000,"Viborg Kunsthal, udstillingsprogram 2024",Samtidskunst
116,2023,Aalborg Kommune,2.728.825,Mental sundhed og mestring i folkeskolen,Nordjylland
117,2023,Aalborg Universitet,2.000.000,Kunststrategi for Aalborg Universitets campusområde: One Campus – kunst som fællesskab og identitet,Samtidskunst
118,2023,Mogens Dahl Kammerkor,50.000,"4 koncerter i Mogens Dahl Koncertsal, efteråret 2023",Klassisk musik
119,2023,Forælder Fonden,3.750.000,"Godt på vej – Trivsel, redskaber og nye fællesskaber til unge enlige forældre",Unges mentale sundhed
120,2023,Den Danske Strygekvartet,2.100.000,Series of Four 2024-2026,Klassisk musik
121,2023,"Amager Hvidovre Hospital, Børne- og Ungeafdelingen afsnit 460",500.000,Et hospitalsophold med leg og inspiration- ny kunstnerisk identitet på Børne- og Ungeafdelingen på Amager og Hvidovre Hospital,Samtidskunst
122,2023,Athelas Sinfonietta Copenhagen,300.000,"Danske Dialoger – en koncertserie over tre år, opdelt i tre faser",Klassisk musik
123,2023,Kongegaardsfonden,200.000,TIPPING POINTS – FRA ÉN TILSTAND TIL EN ANDEN Ingen vej tilbage for den visionære samtidskunst i Vestsjælland,Samtidskunst
124,2023,Louisiana Museum of Modern Art,10.000.000,Samtidskunstens klassikere,Samtidskunst
125,2023,Kunstforeningen GL STRAND,3.350.000,GL STRAND udstillingsprogram 2024 – 2026 og udviklingsinitiativer i 2024,Samtidskunst
126,2023,Galleri Image,100.000,Udstillingsprogram 2024 for Kunsthal Galleri Image,Samtidskunst
127,2023,Trapholt,2.000.000,HELLO HUMAN!,Samtidskunst
128,2023,Aarhus Unge Tonekunstnere,60.000,Calls to this number are being diverted – Aarhus Unge Tonekunstnere og komponisten Matthew Grouse,Klassisk musik
129,2023,Glas,300.000,Udstillingsprogram for Glas 2024,Samtidskunst
130,2023,Augustiana Kunstpark & Kunsthal,200.000,Augustiana Kunstpark & Kunsthal – Udstillingsprogram 2024,Samtidskunst
131,2023,Foreningen Hundehaven Potefryd,78.300,"Hundemøs, Kærlighed og Højt Humør i Hundehaven Potefryd.",Unges mentale sundhed
132,2023,Børnenes Kontor aalborg,120.000,Julehjælp 2023,Nordjylland
133,2023,Gallo Gartneriet,343.200,Udviklingsprojekt og kapacitetsopbygning i Gallo Gartneri,Unges mentale sundhed
134,2023,Kirkens Korshær Aalborg,450.000,"Nyt socialt fælleshus for udsatte børn, unge og voksne i Brønderslev",Nordjylland
135,2023,Kirkens Korshær Aalborg,120.000,"Julehjælp til socialt udsatte børn, unge og voksne i Nordjylland",Nordjylland
136,2023,Frelsens Hær,120.000,Julehjælp i Aalborg kommune,Nordjylland
137,2023,Aarhus Symfoniorkester,1.958.000,Chefdirigent Dmitry Matvienko 2024-2027,Klassisk musik
138,2023,Aalborg Kammermusikforening,25.000,Aalborg Kammermusikforening sæson 2023-2024,Nordjylland
139,2023,Cabi,139.822,Grobund til fremtiden – Ekstraansøgning,Unges mentale sundhed
140,2023,Foreningen Spiseforstyrrelser og Selvskade,100.000,Rådgivning til unge med spiseforstyrrelse og selvskade i Nordjylland,Unges mentale sundhed
141,2023,FONDEN COPENHAGEN OPERA FESTIVAL,1.650.000,COPENHAGEN OPERA FESTIVAL Kunstnerisk vision og strategiske indsatser 2024 – 2026,Klassisk musik
142,2023,Aalborg Symfoniorkester,500.000,The Lauritz Melchior International Singing Competition,Klassisk musik
143,2023,Danmarks Idrætsforbund,6.000.000,Startblokken,Unges mentale sundhed
144,2023,Aalborg Teater,175.000,Sæson 2024/2025 på Aalborg Teater – HJEMSTAVN,Nordjylland
145,2023,Kolding i Toner,300.000,Kolding i Toner (3-årig støtte),Klassisk musik
146,2023,Aalborg Kongres & Kultur Center,86.000,Støtte til kulturaktiviteter i AKKC 2024-2025,Nordjylland
147,2023,Statens Museum for Kunst,3.000.000,"Ansøgning om støtte til Open Call, SMK Thy",Samtidskunst
148,2023,Klitgaarden Fonden,1.500.000,"Restaureringsprojekt på Refugiet Klitgaarden, Skagen",Nordjylland
149,2023,Mentorbarn – Relationer for Livet,6.494.054,En bedre overgang til voksenlivet – Venskabsfamilier til udsatte unge i aldersgruppen 18-30 år,Unges mentale sundhed
150,2023,Kunsthal Charlottenborg,4.500.000,En kunsthal til tiden,Samtidskunst
151,2023,Messiaen Quartet Copenhagen,50.000,Messiaen Quartet Copenhagen i Østerbro Koncertforening | Sæson 2023/24,Klassisk musik
152,2023,KUNSTEN – Museum of Modern Art Aalborg,900.000,Ansøgning om støtte til Kunstens udstillingsprogram 2024,Samtidskunst
153,2023,Aalborg Universitet,1.145.000,Legater til AAU-studerendes studie- og projektorienterede ophold i 2024,Nordjylland
154,2023,Aalborg Universitet,180.000,Legater til kortvarige grupperejser i 2024 for AAU studerende,Nordjylland
155,2023,KUNSTEN – Museum of Modern Art Aalborg,50.000,Kunsten Business 2024,Nordjylland
156,2023,Hasserisstuerne v. Jørgen Elsøe Jensen,15.000,Blegvads Hasseris,Nordjylland
157,2023,Utzon Center,300.000,Grøn omstilling i Utzon Center – ansøgning om støtte til Utzon Center 2024,Nordjylland
158,2023,Thy Masterclass,75.000,Thy Kammermusikfestival 2024,Klassisk musik
159,2023,Skovhuset Kunst & Natur,300.000,TERRA: Morf,Samtidskunst
160,2023,Professionshøjskolen UCN,800.000,Ansøgning fra Professionshøjskolen UCN til Det Obelske Familiefond.,Nordjylland
161,2023,Brønderslev Kommune,2.500.000,Kulturområde Hedelund,Nordjylland
162,2023,Ringsted Galleriet,150.000,Udstillingsprogrammet X på Ringsted Galleriet og KINO Kultur Ringsted,Samtidskunst
163,2023,Mary Fonden,450.000,Hvordan mindsker vi ensomhed? – studie af effektfulde interventioner 2.0,Unges mentale sundhed
164,2023,Astrid Noacks Atelier,70.000,Proposals for Being Together Otherwise,Samtidskunst
165,2022,Rudolph Tegners Museum & Statuepark,180.000,Rudolf Tegner Museum og Statueparks særudstillinger 2022,Samtidskunst
166,2022,Vendsyssel Festival,50.000,Vendssyssel Festival 2022,Klassisk musik
167,2022,Thy Masterclass,50.000,Thy Kammermusikfestival 2022,Klassisk musik
168,2022,Randers FC Jobakademi,5.381.250,Talenter På Vej (TPV),Unges mentale sundhed
169,2022,Nordjyllands Historiske Museum,5.000.000,Aalborg som historiske destination,Nordjylland
170,2022,Athelas Sinfonietta Copenhagen,150.000,Videre udvikling af Athelas Sinfonietta,Klassisk musik
171,2022,Kvindehuset,182.020,Kvindehusets pigeklub,Unges mentale sundhed
172,2022,Frederiksværk Musikfestival,30.000,Frederiksværk Musikfestival 2022,Klassisk musik
173,2022,Copenhagen Summer Festival,30.000,Copenhagen Summer Festival 2022,Klassisk musik
174,2022,Hindsgavl Festival ApS,50.000,Hindsgavl Festival 2022,Klassisk musik
175,2022,Frederikshavn Kommune,662.400,Forældre i fællesskab – nye veje til forbedret mental sundhed hos unge.,Nordjylland
176,2022,Københavns Universitet/Statens Naturhistoriske Museum,1.000.000,BYGNINGSMÆSSIGE JUSTERINGER I OCEANSALEN,Samtidskunst
177,2022,Exitcirklen – Veje ud af psykisk vold,3.024.650,Unge bryder voldscirkler,Unges mentale sundhed
178,2022,Mind Your Own Business,4.500.000,Ansøgning om etablering af Mind Your Own Business afdeling i Jylland,Unges mentale sundhed
179,2022,Fuglsang Kunstmuseum,500.000,Kroppen i det 21. århundrede,Samtidskunst
180,2022,Aalborg Kommune,2.000.000,Kunst til Plusbussen,Nordjylland
181,2022,"Ikast Kultur- og Bibliotek, Ikast-Brande Kommune",40.000,"Rødlisten ved Bølling Sø, Hærvejen og Engesvang. Et Borgerinddragende Naturkunstprojekt af Merete Pryds Helle & Vibe Bredahl.",Samtidskunst
182,2022,Autisme Ungdom Midtsjælland,12.180,Introaften til autismens verden,Unges mentale sundhed
183,2022,SPOR,150.000,SPOR festival 2022,Samtidskunst
184,2022,Ny Carlsberg Glyptotek,4.500.000,FORTID – NUTID – FREMTID (arbejdstitel) – COPENHAGEN CONTEMPORARY X GLYPTOTEKET,Samtidskunst
185,2022,Golden Days,150.000,Kunstprogrammet på Bloom 2022,Samtidskunst
186,2022,NJORD New Nordic Music Biennale,50.000,Njord Festival 2023,Klassisk musik
187,2022,Brandts,300.000,Gadens unge møder kunst,Unges mentale sundhed
188,2022,Kulturmødet Mors,1.110.000,Kulturmødet Mors 2022-2024,Nordjylland
189,2022,Heirloom,150.000,Heirloom,Samtidskunst
190,2022,Fonden Musikkens Hus i Nordjylland,100.000,Aalborg Operapris og Aalborg Junior Operapris,Klassisk musik
191,2022,Bentha Nielsen,6.000,Legat – tidligere CW Obels Støttefond,Nordjylland
192,2022,Kaj Arne Peter Pedersen,6.000,Legat – tidligere CW Obels Støttefond,Nordjylland
193,2022,Bernice Evelyn Ottesen,14.400,Legat – tidligere CW Obels Støttefond,Nordjylland
194,2022,Frederiksberg Festspil,100.000,Frederiksberg Festspil 2022 – 24,Klassisk musik
195,2022,Odense Symfoniorkester,250.000,Løft af Odense Symfoniorkesters solistbudget,Klassisk musik
196,2022,Rued Langgaard Selskabet,600.000,"Rued Langgaard Festival 2022, 2023 og 2024",Klassisk musik
197,2022,K!ART,50.000,K!ART Ensemble for new music and performance art 2022,Klassisk musik
198,2022,Institut Funder bakke,40.000,Institut Funder Bakkes Samlede Program 2021,Samtidskunst
199,2022,Vrå Udstillingen,50.000,Vrå Udstillingen – 80 års jubilæum,Nordjylland
200,2022,International Dressage Officials Club,37.000,"International dommer seminar i forbindelse med ridesports VM i Herning, 2022",Nordjylland
201,2022,Røde Kors asylafdeling,5.886.900,We Talk – styrkelse af udsatte flygtninges mentale sundhed,Unges mentale sundhed
202,2022,Elvermose Klassiske Koncerter,50.000,Elvermose klassiske koncerter – jubilæum!,Klassisk musik
203,2022,Den selvejende institution Hvide Sande Masterclass,40.000,Hvide Sande Masterclass 2022,Klassisk musik
204,2022,Festival & Friends,75.000,Realisering af Festival & Friends 2022,Klassisk musik
205,2022,Musikfest Schackenborg,75.000,Schackenborg Musikfest 2022,Klassisk musik
206,2022,nordjyllandslejren,25.000,Nordjyllandslejren,Nordjylland
207,2022,Vrå Koncerterne,155.200,Vrå Koncerternes projekt for formidling af klassisk musik lokalt og regionalt.,Nordjylland
208,2022,Herning Opera Festival,600.000,Herning Opera Festival 2022-2024 (HOF),Klassisk musik
209,2022,Mads Pagh Nielsen,50.000,Det Obelske Familiefonds Undervisningspris,Nordjylland
210,2022,Rolf Lyneborg Lund,25.000,Det Obelske Familiefonds Undervisningspris,Nordjylland
211,2022,Ali Adjorlu,25.000,Det Obelske Familiefonds Undervisningspris,Nordjylland
212,2022,Mikkel Jensen,25.000,Det Obelske Familiefonds Undervisningspris,Nordjylland
213,2022,Sabine Michelsen Raunbak,25.000,Det Obelske Familiefonds Undervisningspris,Nordjylland
214,2022,The Lone Strøyberg Scholarship Community Interest Company,300.000,The Lone Strøyberg Scholarship,Nordjylland
215,2022,"UNHCR, FN’s Flygtningeorganisation",1.000.000,Særbevilling til nødhjælpsarbejde i Ukraine og nabolandene,Unges mentale sundhed
216,2022,Dansk Røde Kors,1.000.000,Særbevilling til nødhjælpsarbejde i Ukraine og nabolandene,Unges mentale sundhed
217,2022,Mina ApS,80.000,“Sundt socialt samvær sikrer mental trivsel”,Unges mentale sundhed
218,2022,Esbjerg Int. Chamber Music Festival,60.000,Gennemførelse af Esbjerg International Chamber Music Festival og mesterkursus der fylder 24 år i 2022. EICMF med overskriften fra Renaissance til Nutid,Klassisk musik
219,2022,Cafe Værestedet,15.000,"Sponsorstøtte til Cafe Værestedet, Snedsted",Nordjylland
220,2022,Foreningen Lige Adgang,837.025,Stærke frivillige – stærk modtagelse,Unges mentale sundhed
221,2022,Red Barnet Ungdom,377.999,VelkomstVenner,Unges mentale sundhed
222,2022,Dansk Flygtningehjælp,2.675.000,Psykosocial støtte og hjælp til flygtninge fra Ukraine,Unges mentale sundhed
223,2022,Frirummet,12.000,Bredere kendskab til Frirummet,Nordjylland
224,2022,Foreningen FRAK,994.923,Appetit på livet,Unges mentale sundhed
225,2022,Kirkens Korshær Aalborg,3.167.522,Projekt: ”Det fælles løft af socialt udsatte unge”,Nordjylland
226,2022,Johannes V. Jensen og Thit Jensen Museet,125.000,Rylen i Limfjorden,Nordjylland
227,2022,Fejø Kammer musik forening,40.000,Fejøs Festival 2022,Klassisk musik
228,2022,AIDS-Fondet,225.000,"Udvikling af ny månedlig netværksgruppe for unge mellem 15-35 år, der lever med hiv",Unges mentale sundhed
229,2022,Lærkereden – KFUKs Sociale Arbejde,997.192,Udvikling af efterværnscafé for tidligere hjemløse kvinder på Lærkereden,Nordjylland
230,2022,Randers Kunstmuseum,200.000,TIMELINES,Samtidskunst
231,2022,Natteravnene i Aalborg,16.000,Kursus i psykisk førstehjælp,Nordjylland
232,2022,Corporum / Cantina,100.000,Udstillingsprogram for Cantina 2022-2023,Samtidskunst
233,2022,"Kunstnernes Efterårsudstilling, v/bestyrelsesmedlem Laura Stamer",50.000,Ansøgning om tilskud til Kunstnernes Efteraarsudstilling 2022 i Den Frie Udstillingsbygning.,Samtidskunst
234,2022,Jordens Hus,400.000,"Renæssance Jord – en tværfaglig udstillingsplatform i Vridsløselille, Albertslund.",Samtidskunst
235,2022,Østre Landsret,1.500.000,Udsmykning af retssal og foyeområde i ny retsbygning,Samtidskunst
236,2022,Regelbau 411,100.000,Udstillingsprogram 2023,Samtidskunst
237,2022,Fundamentet,2.377.000,Et stærkere Fundament,Unges mentale sundhed
238,2022,Mary Fonden,6.878.517,"Ny indsats målrettet unge, der føler sig svært ensomme",Unges mentale sundhed
239,2022,HFKD ( Huset for Kunst & Design),300.000,HFKD udstillingsprogram 2023,Samtidskunst
240,2022,Den Levende Middelalder,15.000,Middelalderdage på Vitskøl Kloster 2022,Nordjylland
241,2022,Opera i Rebild,30.000,Opera i Rebild,Klassisk musik
242,2022,"Aalborg Universitet, ACM 15",64.750,Tillægsansøgning til forskningsprojekt om ‘Ny udsathed’,Unges mentale sundhed
243,2022,Grenaa Kunst- og Musikforening,250.000,Grenaa Kunst og Musikforenings jubilæumsskulptur ved Pavillonen Grenaa af Amalie Jakobsen,Samtidskunst
244,2022,Til Vægs,150.000,Parasympathetic Beings,Samtidskunst
245,2022,IPSCenter Danmark,4.467.000,Ny virksomhedsrettet indsats for unge med psykisk sygdom (Udvidet IPS/SIND indsats),Unges mentale sundhed
246,2022,"FRAKTAL – Ventesal for samtidskunst, lyd og poesi",100.000,"Fraktal – Ventesal for samtidskunst, lyd og poesi: Udstillingsprogram 2023",Samtidskunst
247,2022,Galleri Image,150.000,Udstillingsprogram for Kunsthal Galleri Image 2023,Samtidskunst
248,2022,Goldschmidts Musikakademi Aalborg,200.000,Gratis musikundervisning og sociale aktiviteter for sårbare børn og unge,Nordjylland
249,2022,Foreningen Ordkraft,75.000,"Læs sammen – lystlæsning for unge, der savner sociale fællesskaber",Nordjylland
250,2022,ADHD-foreningen,892.705,ADHD med muligheder,Unges mentale sundhed
251,2022,Viborg Kunsthal,450.000,"Viborg Kunsthal, udstillingsprogram 2023",Samtidskunst
252,2022,Aalborg Symfoniorkester,3.878.000,Ny Chefdirigent til Aalborg Symfoniorkester,Klassisk musik
253,2022,Lær for Livet,3.150.000,Udsatte børns ret til læring og fællesskab,Nordjylland
254,2022,Kirkens Korshær Aalborg,75.000,"Julehjælp til socialt udsatte børn, unge og voksne i Nordjylland",Nordjylland
255,2022,Foreningen Camerata Øresund,50.000,Camerata Øresunds vintersæson 2022,Klassisk musik
256,2022,Containerakademiet v. Prof. Billedhugger Bjørn Nørgaard,750.000,Ekstra Bevilling Containerakademiet,Samtidskunst
257,2022,Charlottenborg Fonden,75.000,Charlottenborg Forårsudstillingen 2023,Samtidskunst
258,2022,Børnenes Kontor aalborg,75.000,Julehjælp 2022,Nordjylland
259,2022,Museum Salling,200.000,Peter Callesen udstilling,Samtidskunst
260,2022,Klitgaarden Fonden,60.000,"Kunstnerophold på Klitgaarden Refugium, Skagen",Nordjylland
261,2022,Glas,300.000,Glasmuseet Ebeltofts udstillingsprogram for 2023,Samtidskunst
262,2022,Frelsens Hær,75.000,Julehjælp i Aalborg kommune,Nordjylland
263,2022,Augustiana Kunstpark & Kunsthal,247.500,Augustiana Kunstpark & Kunsthal – Udstillingsprogram 2023,Samtidskunst
264,2022,Musikhuset København,400.000,Musikhuset Vækst,Klassisk musik
265,2022,Vestjyllands Kunstpavillon,300.000,Samtidskunsten i dialog med Vestjyllands Kunstpavillon (VK) og det omgivende landskab,Samtidskunst
266,2022,Kilden STU og Botilbud,3.250.000,SERVICE- OG TURISME: NYT STU-FORLØB FOR SÅRBARE UNGE,Unges mentale sundhed
267,2022,M100 udstillingssted,100.000,"M100 Udstillingsrække 2023- Følelse, fællesskab og forståelse",Samtidskunst
268,2022,Foreningen Spiseforstyrrelser og Selvskade,6.204.450,Styrket indsats mod selvskade,Unges mentale sundhed
269,2022,"Kunstmuseet i Tønder, Museum Sønderjylland",600.000,“Grænseerfaring” Kunstmuseet i Tønder.,Samtidskunst
270,2022,Ringsted Galleriet,150.000,LANDBRUGLAND – Samtidskunst i Ringsted,Samtidskunst
271,2022,danmarks underholdningsorkester aps,900.000,Haydn Festival,Klassisk musik
272,2022,Art Barns Lolland-fonden,6.000.000,Art Barns Lolland,Samtidskunst
273,2022,Aalborg Kammermusikforening,25.000,Aalborg Kammermusikforening sæson 2022/2023,Nordjylland
274,2022,Vildmosekoncerter,30.000,Vildmosekoncerter,Nordjylland
275,2022,"Mariested, Sæby Frederikshavn Kommune",20.912,Musikfestival 25 maj 2023,Nordjylland
276,2022,Skagens Kunstmuseer,1.800.000,Skagen AiR – en del af historien,Nordjylland
277,2022,Blå Kors Danmark,200.000,Blå Kors Stjernestunder Ung,Unges mentale sundhed
278,2022,KUNSTEN – Museum of Modern Art Aalborg,50.000,Partner i Kunsten Business 2023,Nordjylland
279,2022,Vestbjerg Skole – Kontaktklasserne,30.000,Handicappede unge søger fællesoplevelser,Nordjylland
280,2022,Klub Liv og Motion,300.000,Alle har ret til et aktiv fritidsliv – unge med særlige kompetencer og behov på vej til voksenlivet,Unges mentale sundhed
281,2022,Sol Nexø,100.000,Solastalgia,Samtidskunst
282,2022,SPOR,600.000,SPOR festival 2023-25,Klassisk musik
283,2022,Aalborg Universitet,150.000,Legater til kortvarige grupperejser i 2023,Nordjylland
284,2022,Aalborg Universitet,950.000,Legater til studie- og praktikophold i 2023,Nordjylland
285,2022,Hobro Musikforening,20.000,Hobro Musikforening koncertrække 2023,Klassisk musik
286,2022,Askovfonden,2.280.988,ASPA Ungecafé,Unges mentale sundhed
287,2022,ARKEN Museum for Moderne Kunst,6.000.000,NATURE FUTURE – Treårig udstillingsrække i ARKENs spektakulære kunstakse,Samtidskunst
288,2022,Aalborg Kongres & Kultur Center,86.000,Støtte til kulturaktiviteter i AKKC 2023-2024,Nordjylland
289,2022,Kunstnernes Påskeudstilling,50.000,"KP23, SPRING23 og KP23-digital",Samtidskunst
290,2022,Aalborg Teater,175.000,Sæson 2023/2024 på Aalborg Teater – med fokus på ’Man skyder jo heste’,Nordjylland
291,2022,Gl Holtegaard,500.000,Udstillingsprogram 2023 Gl. Hotegaard,Samtidskunst
292,2022,Fonden Musikkens Hus i Nordjylland,3.000.000,Ansøgning om støtte til Musikkens Hus’ klassiske program for perioden 2023-2025,Nordjylland
293,2022,Godsbanen,1.455.000,Mere kunst i Aarhus: Samtidskunst i Rå Hal,Samtidskunst
294,2022,Dansk Danseteater c/o Operaen,240.000,Ny symfonisk musik til dans på scenen – et repertoire til vores tid,Klassisk musik
295,2022,"Aalborg Kommune, Center for Tværfaglig Forebyggelse",140.400,Ensomme unge piger – et brobygningsprojekt mellem en særlig tilrettelagt krea-café og ungdomsklubben i fritidscentret hjemme i kvarteret.,Nordjylland
296,2022,Utzon Center,300.000,Ansøgning om støtte til Utzon Center 2023,Nordjylland
297,2022,Copenhagen Phil,1.428.967,Lumbye Akademiet,Klassisk musik
298,2022,Professionshøjskolen UCN,500.000,Ansøgning fra Professionshøjskolen UCN til Det Obelske Familiefond.,Nordjylland
299,2022,Skovhuset Kunst & Natur,300.000,Udstillingsprogram 2023 Skovhuset Kunst & Natur,Samtidskunst
300,2022,Unges Uddannelsescenter,5.558.130,KLAR TIL START,Unges mentale sundhed
301,2022,KUNSTHAL 44 MØEN,600.000,PS44- Projektrum for ung kunst (2023-25),Samtidskunst
302,2022,Hesselholdt & Mejlvang,250.000,AR MONUMENT FOR EQUALITY,Samtidskunst
303,2022,Musikforeningen UTZON,50.000,Musikforeningen UTZONs koncerter i foråret 2023,Klassisk musik
304,2022,Statens Museum for Kunst,100.000,Gong Tomorrow 2023: Festival for folkelig lytning,Klassisk musik
305,2022,Street Society,2.740.710,"Street Society Empowerment – Fritidsjob for udsatte unge: Et vigtigt skridt på vej mod uddannelse, job og selvforsørgelse",Unges mentale sundhed
306,2022,Pitstop Bergen,315.000,Pitstop Bergen,Unges mentale sundhed
307,2022,Kirkens Korshær Aalborg,83.333,Uddeling af ekstraordinær økonomisk julehjælp til socialt udsatte børnefamilier,Nordjylland
308,2022,Børnenes Kontor aalborg,83.333,Tillægsbevilling til Julehjælp 2022,Nordjylland
309,2022,Foreningen Carl Nielsen Festival,245.000,Tillægsbevilling 65711 – CARL NIELSEN FESTIVAL,Klassisk musik
310,2022,Frelsens Hær,83.333,Julehjælp i Aalborg kommune,Nordjylland
311,2021,Det Kongelige Teater,4.000.000,Richard Wagners “Ringen” i Den Kongelige Opera 2022-25,Klassisk musik
312,2021,Professionshøjskolen UCN,500.000,"Studieophold, praktikophold og kortere ophold i udlandet for studerende på Professionshøjskolen UCN",Nordjylland
313,2021,Struer Tracks / Struer Kommune,75.000,Struer Tracks Sound Art Biennale #3,Samtidskunst
314,2021,Øresunds Solist,25.000,Øresunds Solist 2021,Klassisk musik
315,2021,Børnenes Kontor aalborg,296.555,Ekstraordinær hjælp til Børnenes Kontor Aalborg,Nordjylland
316,2021,KUNSTEN – Museum of Modern Art Aalborg,45.000,Partner i Kunsten Business for 2020,Nordjylland
317,2021,Hollufgård Artist Residence – Skulpturpark,300.000,Brydningstid,Samtidskunst
318,2021,Hicsum,40.000,HICSUM 2021,Klassisk musik
319,2021,Fejø Kammermusikforening/Fejø Kammermusikfestival 2017,40.000,Fejøs Festival 2021,Klassisk musik
320,2021,Klassiske koncerter – i Djurs og Mols,40.000,"Klassiske Koncerter – i Djurs og Mols, 10 års jubilæumsfestival",Klassisk musik
321,2021,Festival & Friends,75.000,Festival & Friends,Klassisk musik
322,2021,Goldschmidts Musikakademi,1.000.000,Goldschmidts Musikakademi – trivsel gennem musik,Klassisk musik
323,2021,Frederikshavn Byfond,25.000,Poesivandringer med fællessang,Nordjylland
324,2021,Den selvejende institution Hvide Sande Masterclass,40.000,Hvide Sande Masterclass 2021,Klassisk musik
325,2021,Foreningen Kunstkritikk.dk,1.500.000,Kunstkritikk – Dansk-international satsning,Samtidskunst
326,2021,Louisiana Museum of Modern Art,2.000.000,MOR! / KREATIVITET,Samtidskunst
327,2021,Esbjerg Int. Chamber Music Festival,40.000,Kammermusikfestival – EICMF og mesterkursus der fylder 23 år i 2021. Esbjerg International Chamber Music Festival med overskriften “Russian Rarities og Zemlinsky´s ‘Ekspressionist’ Øjeblik”,Klassisk musik
328,2021,Bentha Nielsen,6.000,Legat – tidligere CW Obels Støttefond,Nordjylland
329,2021,Kaj Arne Peter Pedersen,6.000,Legat – tidligere CW Obels Støttefond,Nordjylland
330,2021,Bernice Evelyn Ottesen,14.400,Legat – tidligere CW Obels Støttefond,Nordjylland
331,2021,Foreningen Carl Nielsen Festival,500.000,Carl Nielsen Festival,Klassisk musik
332,2021,KUNSTEN – Museum of Modern Art Aalborg,4.500.000,Kunsten Museum of Modern Art – 3 årigt internationalt udstillingsprogram,Samtidskunst
333,2021,Social Sundhed Aalborg,570.000,Alle nordjyder har ret til lighed i sundhed,Nordjylland
334,2021,Fanø Sommerkoncerter,30.000,Fanø Sommerkoncerter,Klassisk musik
335,2021,Copenhagen Summer Festival,30.000,Copenhagen Summer Festival 2021,Klassisk musik
336,2021,Møn Sommerkoncert,25.000,Møn Sommerkoncert 2021,Klassisk musik
337,2021,Fri-Stedet,56.500,Dreamteam præsenterer SØ drømmefestival,Nordjylland
338,2021,Kirkens Korshær Aalborg,80.000,Akut coronahjælp til Kirkens Korshærs Børne- og Familiearbejde i Nordjylland,Nordjylland
339,2021,Primer,100.000,Antarctica From Space,Samtidskunst
340,2021,Lil Lacy Music,100.000,you’re somehow connected,Samtidskunst
341,2021,Frederiksberg Festspil,200.000,Frederiksberg Festspil 2021,Klassisk musik
342,2021,Nikolaj Kunsthal,1.500.000,Etablering og udvikling af “Platform” – et udstillingsrum for unge kunstnere og kuratorer i Nikolaj Kunsthal,Samtidskunst
343,2021,Herning Opera Festival,200.000,Herning Opera Festival 2021,Klassisk musik
344,2021,Motherboard I/S,125.000,I am All my Ages – en ny operatrilogi,Klassisk musik
345,2021,Ung Nordisk Musik,50.000,Ung Nordisk Musik-festival 2021,Klassisk musik
346,2021,Galleri Image,40.000,Photobook Week Aarhus 2021,Samtidskunst
347,2021,Musikfest Schackenborg,75.000,Musikfest Schackenborg,Klassisk musik
348,2021,Frederiksbergmuseerne,1.500.000,"Chiharu Shiota/Taryn Simon/Kimsooja. 3-årigt udstillingsprogram i Cisternerne, 2022-24",Samtidskunst
349,2021,Kunsthal Aarhus,2.000.000,"Kunsthal Aarhus Forum – en ny platform for æstetiske eksperimenter, formidling og diskussion af billedkunstnerisk forskning",Samtidskunst
350,2021,Institut Funder bakke,40.000,Institut Funder Bakke årsprogram 2021,Samtidskunst
351,2021,Snow Mask Composers Group,30.000,Snow Mask koncertrække 2021,Klassisk musik
352,2021,Scenatet,60.000,Interludium på søerne og Backyard Opera,Klassisk musik
353,2021,Fonden Musikkens Hus i Nordjylland,500.000,"Aalborg Operafestival v/Musikkens Hus, Aalborg",Klassisk musik
354,2021,Sisters Hope,50.000,Sisters Hope Home: Inhabitation,Samtidskunst
355,2021,"Kunstnernes Efterårsudstilling, v/bestyrelsesmedlem Laura Stamer",50.000,Ansøgning om tilskud til Kunstnernes Efteraarsudstilling 2021,Samtidskunst
356,2021,Aalborg Teater,175.000,Sæson 2021/2022 på Aalborg Teater,Nordjylland
357,2021,Mogens Dahl Koncertsal,50.000,Copenhagen Chamber Music Festival,Klassisk musik
358,2021,Den Levende Middelalder,15.000,Middelalderdage på Vitskøl Kloster 2021,Nordjylland
359,2021,Grønnegårds Teatret,35.000,Grønnegårds Teatrets aktiviteter 2021,Samtidskunst
360,2021,Sort/Hvid,75.000,Sort/Hvid – Åbningsprogram,Klassisk musik
361,2021,Nordic Artists Management,50.000,Ansøgning om støtte til Syddansk Musikfestival 2021,Klassisk musik
362,2021,SPOR,100.000,SPOR festival: Lydkunst i offentlige rum,Samtidskunst
363,2021,Carl Nielsen Internationale Konkurrencer c/o Odense Symfoniorkester,500.000,Carl Nielsen Internationale Konkurrence 2022,Klassisk musik
364,2021,Slots- og Kulturstyrelsen,200.000,Uffe Isolotto i den danske pavillon på Venedig Biennalen 2022,Samtidskunst
365,2021,Københavns Drengekor,1.500.000,“NYE MØDER” – 3 årigt projekt (2022-2024) udviklet af og for Københavns Drengekor,Klassisk musik
366,2021,Ordblindetræning ApS (reg. soc.øk. virksomhed),600.000,Læringsforløb for ordblinderisikoelever (og deres forældre) i Aalborg Kommune,Nordjylland
367,2021,Det Kgl. Bibliotek,300.000,Samtidens Fotokunst på Den Sorte Diamant,Samtidskunst
368,2021,Foreningen Camerata Øresund,50.000,Camerata Øresunds efterår-/vintersæson 2021,Klassisk musik
369,2021,Trapholt,2.000.000,Maleriske Sansninger på Trapholt,Samtidskunst
370,2021,VestByens Rideklub,120.000,En del af staldfællesskabet: Ridning og hesteassisteret læring for børn og unge med særlige udfordringer,Nordjylland
371,2021,NJORD New Nordic Music Biennale,50.000,NJORD Festival 2022,Klassisk musik
372,2021,Kunstforeningen GL STRAND,1.500.000,PÅ TVÆRS – Udstillingsrække om tværæstetiske dialoger i samtidskunsten,Samtidskunst
373,2021,Nordisk-Russisk Musikforening,50.000,Inspireret Fællesskab,Klassisk musik
374,2021,Sangens Hus,5.000.000,Sangkraft ’25,Klassisk musik
375,2021,Willumsens Museum,1.200.000,Ud i parken – ind i kunsten – Et udendørs udstillingsprogram i museumsparken ved Willumsen Museum 2022-24,Samtidskunst
376,2021,Kongegaardsfonden,400.000,TURNING POINTS – VISIONÆRE VENDINGER I VESTSJÆLLAND (Kunsthal Kongegaardens strategiske udviklingsprogram 2022-2024),Samtidskunst
377,2021,Charlottenborg Fonden,75.000,Charlottenborg Forårsudstilling 2022,Samtidskunst
378,2021,Aalborg Universitet,1.000.000,Viden for verden. En historie om Aalborg Universitet gennem 50 år.,Nordjylland
379,2021,Jens Myrup Pedersen,50.000,Det Obelske Familiefonds Undervisningspris,Nordjylland
380,2021,Christian Ravn Haslam,25.000,Det Obelske Familiefonds Undervisningspris,Nordjylland
381,2021,Erik Lund,25.000,Det Obelske Familiefonds Undervisningspris,Nordjylland
382,2021,Kresten Lundsgaard-Leth,25.000,Det Obelske Familiefonds Undervisningspris,Nordjylland
383,2021,Maciej Plocharski,25.000,Det Obelske Familiefonds Undervisningspris,Nordjylland
384,2021,KFP11 (Markus von Platen),600.000,"Kunstudstillingsstedet Simian, Ørestad København",Samtidskunst
385,2021,Regelbau 411,100.000,DISMANTLING THE FRAME,Samtidskunst
386,2021,Aalborg Kongres & Kultur Center,86.000,Støtte til kulturaktiviteter i AKKC 2021-2022,Nordjylland
387,2021,Store Mosevej 24,37.000,Opførelse af bålhytte og drivhus / væksthus i forbindelse med flytning til nyopført institution,Nordjylland
388,2021,Hobro Musikforening,20.000,Hobro Musikforening koncertserie 2021/2022,Nordjylland
389,2021,ARoS Aarhus Kunstmuseum,3.000.000,Udstillingstriologi 2023-2025 – Making Worlds,Samtidskunst
390,2021,Aalborg Kulturskole,30.000,Pianister i Nord 2021,Nordjylland
391,2021,Viborg Kunsthal,300.000,"Viborg Kunsthal, udstillingsprogram 2022",Samtidskunst
392,2021,Den Frie Udstillingsbygning,2.400.000,En levende historisk ramme om samtidens kunstneriske eksperimenter,Samtidskunst
393,2021,VIA Horsens Grundejerforening,500.000,Et visionært kunstprojekt til fremtidens Horsens,Samtidskunst
394,2021,Augustiana Kunstpark & Kunsthal,250.000,Augustiana Kunstpark & Kunsthal – Udstillingsprogram 2022,Samtidskunst
395,2021,KFUM’s Sociale Arbejde,5.491.285,Social Drive Out (SDO),Nordjylland
396,2021,Ringsted Galleriet,100.000,JUBILÆUM,Samtidskunst
397,2021,Klitgaarden Fonden,50.000,"Kunstnerophold på Refugiet Klitgaarden, Skagen",Nordjylland
398,2021,KLANG-Copenhagen Avantgarde Music Festival,225.000,KLANG – Copenhagen Avantgarde Music Festival,Klassisk musik
399,2021,M100 udstillingssted,150.000,M100 udstillingsprogram 2022,Samtidskunst
400,2021,Le Bicolore – Danmarkshuset i Paris,478.500,ArtParis/DK22-24,Samtidskunst
401,2021,Ønskeland,2.400.000,Ønskeland – ophold for alvorligt og kronisk syge børn og deres familier,Nordjylland
402,2021,Convoi Exceptionnel,50.000,CRAWL CRAWL CRAWL,Klassisk musik
403,2021,Læsø Kunst og Kultur ApS,1.170.000,Læsø AiR,Samtidskunst
404,2021,Børglum Kloster,1.500.000,Restaurering af Børglum Klosterkirkes indre,Nordjylland
405,2021,Børnenes Kontor aalborg,75.000,Børnenes Kontors Julehjælp 2021,Nordjylland
406,2021,Aalborg Kammermusikforening,25.000,Aalborg Kammermusikforening sæson 2021/2022,Nordjylland
407,2021,Vermilion Sands,150.000,Careful Reconstructions,Samtidskunst
408,2021,Trio Amerise,60.000,Østerbro Kammermusikfestival 2022 – Metamorfose | Naturen og paradigmeskiftet,Klassisk musik
409,2021,KUNSTEN – Museum of Modern Art Aalborg,45.000,Partner i Kunsten Business 2022,Nordjylland
410,2021,Aveny-T Fonden,400.000,Udsmykning af blivende kunstværk i offentligt tilgængeligt nybygget teaterhus til unge.,Samtidskunst
411,2021,Aalborg Universitet,950.000,Legater til studie- og praktikophold i 2022,Nordjylland
412,2021,Aalborg Universitet,150.000,Legater til kortvarige grupperejser til udlandet i 2022,Nordjylland
413,2021,Aalborg Teater,175.000,Sæson 2022/2023 på Aalborg Teater,Nordjylland
414,2021,Vildmosekoncerter,40.000,Vildmosekoncerter,Nordjylland
415,2021,Sol Nexø,80.000,Sol Nexø 2022,Samtidskunst
416,2021,Aalborg Kongres & Kultur Center,86.000,Støtte til kulturaktiviteter i AKKC 2022-2023,Nordjylland
417,2021,Selvejende Institution Skovsnogen,1.300.000,UNG SAMTIDSKUNST -I kunsten og naturen – sammen,Samtidskunst
418,2021,Utzon Center,300.000,Mini Maxi – en udstilling for børn om design og skala,Nordjylland
419,2021,Statens Museum for Kunst,4.850.000,Kunst fra transkulturelle positioner – ny udstillingsrække på SMK,Samtidskunst
420,2021,KUNSTEN – Museum of Modern Art Aalborg,600.000,Kunstens jubilæumsår 2022,Nordjylland
421,2021,Professionshøjskolen UCN,500.000,Ansøgning fra Professionshøjskolen UCN til Det Obelske Familiefond 2022,Nordjylland
422,2021,Skovhuset Kunst & Natur,300.000,Udstillingsprogram 2022 Skovhuset Kunst & Natur,Samtidskunst
423,2021,Holstebro Kunstmuseum,1.200.000,Tre udstillingssatsninger,Samtidskunst
424,2021,Foreningen Camerata Øresund,70.000,Camerata Øresunds forårssæson 2022,Klassisk musik
425,2021,K!ART,75.000,MINU_festival_for_expanded_music 2022,Klassisk musik
426,2021,Utzon Center,300.000,"Fremtidens håndværk, design og arkitektur",Nordjylland
427,2021,Theatre of Voices,200.000,Theatre of Voices Festival 2022,Klassisk musik
428,2021,Frelsens Hær,75.000,Julehjælp i Aalborg kommune,Nordjylland
429,2021,Kirkens Korshær Aalborg,75.000,"Julehjælp til socialt udsatte børn, unge og voksne i Nordjylland",Nordjylland
430,2021,Jyske Bank,300.000,Stigsborg Fortællinger,Nordjylland
431,2020,Lotte Møller/die raum,75.000,die raum 2020/21,Samtidskunst
432,2020,Foreningen San Cataldos Venner,1.000.000,Stipendieophold til kunstnere på arbejdsrefugiet San Cataldo,Samtidskunst
433,2020,Ribe Kunstmuseum,300.000,Ulrik Møller. En dansk landskabsmaler i Berlin,Samtidskunst
434,2020,Filmby Aarhus,2.000.000,The Garden in the Machine,Samtidskunst
435,2020,Scene42 S/I,75.000,Isolation – et korværk,Klassisk musik
436,2020,Trio Amerise,40.000,Østerbro Kammermusikfestival 2020,Klassisk musik
437,2020,Øresunds Solist,25.000,Øresunds Solist 2020,Klassisk musik
438,2020,f.eks.,75.000,f.eks.,Samtidskunst
439,2020,Golden Days,125.000,Kunstprogram på Bloom 2020,Samtidskunst
440,2020,Frederiksberg Kommune,1.000.000,Verdenskunst på Frederiksberg Allé – Jeppe Hein Balance of Time,Samtidskunst
441,2020,Hicsum,35.000,HICSUM 2020,Klassisk musik
442,2020,Cigarmagernes Klub,24.500,Cigarmagernes Klub,Nordjylland
443,2020,Herning Opera Festival,200.000,Herning Opera Festival 2020,Klassisk musik
444,2020,Vendsyssel Festival,50.000,Vendsyssel Festival i 2020,Klassisk musik
445,2020,Vokalselskabet GLAS,40.000,Aladdins drøm – en forunderlig rejse i verdensmusik fylder 100,Klassisk musik
446,2020,KUNSTEN – Museum of Modern Art Aalborg,45.000,Medlemskab af Kunsten Business Executive,Nordjylland
447,2020,Bornholms Musikfestival,90.000,Bornholms Musikfestival 2020-23,Klassisk musik
448,2020,Foreningen Camerata Øresund,40.000,Camerata Øresunds to projekter i foråret 2020,Klassisk musik
449,2020,Frederiksværk Musikfestival,30.000,Frederiksværk Musikfestival 2020,Klassisk musik
450,2020,Isabella Østenby,35.000,Piccolosolist,Klassisk musik
451,2020,Fejø Kammermusikforening/Fejø Kammermusikfestival 2017,40.000,Fejøs Festival 2020,Klassisk musik
452,2020,Opera i Rebild,30.000,Opera i Rebild 2020-2022,Klassisk musik
453,2020,Spinderihallerne,50.000,Skyen – kunstinstallation til Spinderihallerne i Vejle,Samtidskunst
454,2020,Kammermusikfestival på Lundsgaard Gods Kerteminde,225.000,Kammermusik på Lundsgaard 2020-2022,Klassisk musik
455,2020,Carl-Henning Pedersen & Else Alfelts Museum,300.000,Kunsten & Klangen,Klassisk musik
456,2020,"Fødegangen Regionshospital Nordjylland, Region Nordjylland",1.199.000,Helende kunst på hospitalet,Nordjylland
457,2020,Aalborg Teater,175.000,Aalborg Teater sæson 2020/2021,Nordjylland
458,2020,Randers Kammerorkester,40.000,Randers Kammerorkesters 75-års jubilæumssæson,Klassisk musik
459,2020,Klitgården Refugium,50.000,Musikere og komponister på Klitgaarden,Nordjylland
460,2020,Elvermose Klassiske Koncerter,40.000,Elvermose Klassiske Koncerter,Klassisk musik
461,2020,Copenhagen Contemporary,2.250.000,"Future First. Udstillingsserie med fokus på unge danske talenter, der arbejder på tværs af kunstneriske genrer.",Samtidskunst
462,2020,Karen Marie Sørensen,35.000,"Solistkoncert i Carnegie Hall, New York",Klassisk musik
463,2020,Athelas Sinfonietta Copenhagen,90.000,Athelas 30. sæson,Klassisk musik
464,2020,Sommerkoncerter på Langeland,40.000,"Sommerkoncerter på Langeland, 43.sæson",Klassisk musik
465,2020,Selsø Slot,40.000,Selsø Slots Musikprogram 2020,Klassisk musik
466,2020,Den selvejende institution Hvide Sande Masterclass,40.000,Hvide Sande Masterclass 2020,Klassisk musik
467,2020,Galleri Image,40.000,Photobook Week Aarhus 2020,Samtidskunst
468,2020,GirlTalk.dk,900.000,GirlTalk lokalafdeling i Aalborg,Nordjylland
469,2020,Kirkens Korshær,3.000.000,Forskellighed og Samling – Revitalisering af Kirkens Korshærs Herberg i Aalborg gennem ”sociale mursten”.,Nordjylland
470,2020,"Kunstnernes Efterårsudstilling, v/bestyrelsesmedlem Laura Stamer",50.000,Ansøgning om tilskud 2020 – Kunstnernes Efterårsudstilling,Samtidskunst
471,2020,Råt&Godt,2.061.714,Hele Nordjyllands bæredygtige materialebank,Nordjylland
472,2020,Århus Sinfonietta,50.000,Mørkeklang,Klassisk musik
473,2020,Vestjyllands Kunstpavillon,300.000,"VK Samtidskunst, 2-årigt program",Samtidskunst
474,2020,Nontardar,50.000,COSI FAN TUTTE PÅ HOFTEATERET,Klassisk musik
475,2020,Frederiksberg Festspil,100.000,Frederiksberg Festspil 2020,Klassisk musik
476,2020,NJORD New Nordic Music & Arts,50.000,NJORD – In Colour & Light,Klassisk musik
477,2020,Fotografisk Center,750.000,Fotografi i fokus – Forankring og udvikling af Fotografisk Center,Samtidskunst
478,2020,Musikhuset Aarhus,3.000.000,Klassisk Upgrade vers. 2.0.,Klassisk musik
479,2020,Charlottenborg Fonden,75.000,Charlottenborg Forårsudstilling 2021,Samtidskunst
480,2020,Skovgaard Museet,200.000,Udstilling med Anette Harboe Flensburg,Samtidskunst
481,2020,Musica Ficta,1.000.000,Hofmusikken på Kronborg – med vokalensemblet Musica Ficta og Bo Holten,Klassisk musik
482,2020,Foreningen af Danske Kulturbestyrelser,200.000,Kulturens Største Udfordringer – under coronakrisen,Klassisk musik
483,2020,Retten i Aalborg,70.000,Ansøgning om støtte til konservering mv. af værker af Carl Henning Pedersen,Samtidskunst
484,2020,Regelbau 411,50.000,"Interference – fusion, boundaries, transgression (udstillingsprogram 2021)",Samtidskunst
485,2020,Kunstforeningen GL STRAND,430.000,Særpulje til de danske kunsthaller,Samtidskunst
486,2020,Kirkens Korshær,67.000,Støtte til funktionelt hjemløse ifbm Covid19,Nordjylland
487,2020,Galleri Image,12.000,Særpulje til de danske kunsthaller,Samtidskunst
488,2020,Brandts,430.000,Særpulje til de danske kunsthaller,Samtidskunst
489,2020,Nikolaj Kunsthal,430.000,Særpulje til de danske kunsthaller,Samtidskunst
490,2020,Line Finderup Jensen,50.000,NoIssue,Samtidskunst
491,2020,Sophienholm (kunsthal),430.000,Særpulje til de danske kunsthaller,Samtidskunst
492,2020,Viborg Kunsthal,155.000,Særpulje til de danske kunsthaller,Samtidskunst
493,2020,Lea Han,50.000,"Sammen om kunsten (“Festival & Friends” – De unges kammermusikfestival v. Lea Han, Gustav Piekut og Jonathan Swensen)",Klassisk musik
494,2020,Copenhagen Contemporary,430.000,Særpulje til de danske kunsthaller,Samtidskunst
495,2020,kunsten.nu,50.000,Sammen on kunsten E-udgivelse: Genstart kunsten,Samtidskunst
496,2020,Foreningen PixlArt,675.000,PixlArt,Samtidskunst
497,2020,Rønnebæksholm,292.900,Særpulje til de danske kunsthaller,Samtidskunst
498,2020,Mariagerfjord Kunstforening,20.000,Bruno Kjær – Skyggebibliotekets spejl,Samtidskunst
499,2020,Den Frie Udstillingsbygning,272.250,Særpulje til de danske kunsthaller,Samtidskunst
500,2020,Kunsthal Charlottenborg,430.000,Særpulje til de danske kunsthaller,Samtidskunst
501,2020,Gl Holtegaard,59.000,Særpulje til de danske kunsthaller,Samtidskunst
502,2020,Kunsthal Aarhus,126.400,Særpulje til de danske kunsthaller,Samtidskunst
503,2020,KunstCentret Silkeborg Bad,430.000,Særpulje til de danske kunsthaller,Samtidskunst
504,2020,Fotografisk Center,23.302,Særpulje til de danske kunsthaller,Samtidskunst
505,2020,Bonamatic,100.000,Udstillingsprogram 2020-2022,Samtidskunst
506,2020,Peter Howard Jensen,50.000,Koncertprojekt med Münchener Kammerorchester og Peter Howard Jensen.,Klassisk musik
507,2020,ART 2030,2.300.000,Vertical Migrations,Samtidskunst
508,2020,Christian IV’s Vokalensemble,12.000,Johann Theiles Matthæus-Passion – et projekt i anledningen af 100-års jubilæet for Genforeningen af Sønderjylland med Danmark,Klassisk musik
509,2020,Det Kgl. Bibliotek,110.000,Koncertformidling i en Corona-tid,Klassisk musik
510,2020,ilyd,50.000,Sammen om kunsten:,Samtidskunst
511,2020,"Danske Ensembler, Orkestre og Operainstitutioner",500.000,Danmarks Digitale Koncertsal,Klassisk musik
512,2020,Ida Kvetny/Rundetårn,60.000,"Sammen om kunsten – Extensions Vol 2,3 og 4",Samtidskunst
513,2020,Martin Lohse,100.000,Sammen om kunsten: “Echoes off Cliffs” – a modern symphony in rural surroundings,Klassisk musik
514,2020,Scenatet,180.000,Lohengrin & Kærtegn for kærtegn,Klassisk musik
515,2020,Ringsted Galleriet,250.000,SAMMENSTØD – 6 udstillinger i det offentlige rum i Ringsted by (2021),Samtidskunst
516,2020,Kunsthal Charlottenborg,4.500.000,Hele Danmarks internationale kunsthal,Samtidskunst
517,2020,Skandinavisk Forenings Kunstnerhus i Rom,50.000,Skandinavisk Forenings Kunstnerhus i Rom,Samtidskunst
518,2020,Decembristerne,60.000,"Decembristerne, udstilling på Den Frie Udstillingsbygning",Samtidskunst
519,2020,Det jyske Musikkonservatorium,1.800.000,Online læring i musikundervisning- fra begynder til elite,Klassisk musik
520,2020,Aalborg Kongres & Kultur Center,75.000,"*Obs: Sammen om Kunsten initiativ. Madama Butterfly, én unik koncertversion med Den Kongelige Opera, Det Kongelige Operakor og Det Kongelige Kapel i Aalborg Kongres & Kultur Center (AKKC)",Nordjylland
521,2020,Aalborg Kulturskole,30.000,Pianister i Nord,Nordjylland
522,2020,Den Almennyttige Fond for Psaligrafisk Kunst,50.000,paper realism – en udstilling af skulptur i papir,Nordjylland
523,2020,OK Corral,100.000,Imod en permanent institution,Samtidskunst
524,2020,Skråen i Nordkraft,500.000,Skråen – særlig støtte pga. corona,Nordjylland
525,2020,Foreningen Camerata Øresund,50.000,Camerata Øresunds to projekter i efteråret 2020,Klassisk musik
526,2020,Musikforeningen UTZON,50.000,Musikforeningen UTZONs koncerter i 2021,Klassisk musik
527,2020,Lil Lacy Music,100.000,you’re somehow connected,Klassisk musik
528,2020,Vestbyens Erindringsværksted,15.000,Virksomheder i Vestbyen,Nordjylland
529,2020,Hobro Musikforening,20.000,Hobro Musikforening koncertserie 2020/2021,Klassisk musik
530,2020,Sorø Kunstmuseum,1.200.000,Naturen Taler,Samtidskunst
531,2020,Børnenes Kontor aalborg,75.000,Julehjælp 2020,Nordjylland
532,2020,SixtyEight Art Institute,100.000,Memoirs of Saturn,Samtidskunst
533,2020,Aye-Aye,100.000,Aye-Aye,Samtidskunst
534,2020,Aalborg Kommune / Svenstrupgård,3.000.000,Ombygning af Forsorgshjemmet Svenstrupgård,Nordjylland
535,2020,Bornholms Musikforening,60.000,"Koncertrække 2021, 2022 og 2023",Klassisk musik
536,2020,Frelsens Hær,75.000,Hjælp til Frelsens Hærs julehjælp 2020,Nordjylland
537,2020,Kirkens Korshær Aalborg,75.000,Julehjælp til socialt udsatte familier samt hjemløse i Nordjylland,Nordjylland
538,2020,Aalborg Kongres & Kultur Center,86.000,Støtte til kulturaktiviteter i AKKC 2020-2021,Nordjylland
539,2020,Nordjyske Strygere,20.000,Koncert i Hjørring Musikforening,Nordjylland
540,2020,Kunstsammenslutningen Corner,50.000,Corner Udstillingen på Sophienholm 2021,Samtidskunst
541,2020,M100 udstillingssted,150.000,"M100, udstillingsprogram 2021",Samtidskunst
542,2020,Augustiana Kunstpark & Kunsthal,230.000,Augustiana Kunstpark & Kunsthal – Udstillingsprogram 2021,Samtidskunst
543,2020,Museet for Samtidskunst,2.000.000,"Et nyt Museet for Samtidskunst: Hvordan ville et museum se ud, hvis vi opfandt det i dag?",Samtidskunst
544,2020,Ønskeland,1.200.000,Ønskeland – ophold for alvorligt og kronisk syge børn og deres familier,Nordjylland
545,2020,INDK Symphonic Collaboration,50.000,Symfonisk koncertsamarbejde i Thisted,Klassisk musik
546,2020,CPH Opera Festival,1.350.000,Treårig udviklingsstrategi for Copenhagen Opera Festival,Klassisk musik
547,2020,Sol Nexø,75.000,Sol 2021,Samtidskunst
548,2020,Rønnebæksholm,1.800.000,FællesRum – et nyt residency og kunstnerisk program på Kunsthal Rønnebæksholm,Samtidskunst
549,2020,Musik & Ungdom,25.000,Orkesterfestivalen 2021,Klassisk musik
550,2020,Patrick Egersborg Opera & Koncert,30.000,Rigoletto i Koncertkirken,Klassisk musik
551,2020,Viborg Kunsthal,300.000,Ansøgning om støtte til udstillingsprogram 2021,Samtidskunst
552,2020,Fonden Musikkens Hus i Nordjylland,4.000.000,Ansøgning om støtte til Musikkens Hus klassiske program for perioden frem til udgangen af 2022,Klassisk musik
553,2020,Aalborg Artists Association,25.000,Aalborg Artists Association,Samtidskunst
554,2020,c4 projects,50.000,c4 projects udstillingsprogram 2021,Samtidskunst
555,2020,Børneulykkesfonden,95.348,Helteakademiet,Nordjylland
556,2020,Aalborg Universitet,150.000,Legater til kortvarige grupperejser til udlandet.,Nordjylland
557,2020,Aalborg Universitet,950.000,Legater til studie- og praktikophold til udlandet.,Nordjylland
558,2020,Hindsgavl Festival ApS,50.000,Hindsgavl Festival 2020 (ekstrabevilling),Klassisk musik
559,2019,Sort/Hvid,300.000,Sort/Hvid: Nyt epicenter for tværæstetisk samtidskunst,Samtidskunst
560,2019,Aalborg Universitet,950.000,Det Obelske Familiefonds støtte til Aalborg Universitets udlandsophold,Nordjylland
561,2019,Foreningssamarbejdet 9220,450.000,Foreningssamarbejdet 9220 – aktiv fritid for alle børn og unge i Aalborg Øst,Nordjylland
562,2019,Aalborg Universitet,150.000,Legater til korte grupperejser til udlandet,Nordjylland
563,2019,Retten i Aalborg,356.000,Ansøgning om støtte til udsmykning af rettens forhal og information,Samtidskunst
564,2019,Concerto Copenhagen,3.000.000,Danmarks nationale barokorkester – et 4-årigt udviklingsprojekt 2019-22,Klassisk musik
565,2019,Gjøl Kunstforening,100.000,Tabita – skulptur på Gjøl havn,Samtidskunst
566,2019,Selvejende Institution Skovsnogen,300.000,“Campfire” – SKOVSNOGEN – Deep Forest Artland og De Grønne Pigespejdere,Samtidskunst
567,2019,Musikaktionærerne,150.000,Medlemskab af Musikaktionærerne,Nordjylland
568,2019,Dansk Talentakademi,248.450,to-årigt udstillingsprogram Huset for Kunst og Design,Samtidskunst
569,2019,Skagens Kunstmuseer,300.000,"Udstilling, Skagen Museum: Mesterværker – Krøyer på bestilling",Nordjylland
570,2019,Randers Kammerorkester,40.000,Børn møder det klassiske orkester og The Beatles,Klassisk musik
571,2019,Thy Sangskole,50.000,KOM SÅ I SANG!,Klassisk musik
572,2019,Special Minds,60.000,Uddannelse af unge med autisme til beskæftigelse og et meningsfuldt voksen – og arbejdsliv,Nordjylland
573,2019,Opera i Rebild,30.000,Opera i Rebild 2019,Klassisk musik
574,2019,Copenhagen Phil,2.000.434,Støtte til Copenhagen Phils chefdirigent 2019-2022,Klassisk musik
575,2019,Aalborg Teater,125.000,Aalborg Teater sæson 2019/2020,Samtidskunst
576,2019,Dronninglund Kunstcenter,250.000,Fornyelse af forplads ved Dronninglund Kunstcenter,Samtidskunst
577,2019,Rudolph Tegners Museum & Statuepark,75.000,"ARV – Tovborg, Kalkau og Third Ear",Samtidskunst
578,2019,Aarhus Chamber Ensemble,50.000,Musikalske Stjernestunder på Museum Jorn,Klassisk musik
579,2019,Vendsyssel Festival,50.000,Vendsyssel Festival 2019,Klassisk musik
580,2019,Københavns Kommune,300.000,HIMMEL – Kunstprojekt i forbindelse med byrumsforbedring og skybrudssikring i Glenteparken,Samtidskunst
581,2019,Fejø Kammermusikforening/Fejø Kammermusikfestival 2017,40.000,Fejøs Festival 2019,Klassisk musik
582,2019,Sommerkoncerter på Langeland,40.000,"Sommerkoncerter på Langeland, 2019",Klassisk musik
583,2019,Læsø Kunsthal,80.000,Den politiske kunst,Samtidskunst
584,2019,Danmarks Indsamling 2019 – c/o Dansk Røde Kors,100.000,Danmarks Indsamling 2019 – Styrk Verdens Piger,Nordjylland
585,2019,Frederiksværk Musikfestival,30.000,Frederiksværk Musikfestival 2019,Klassisk musik
586,2019,"Marilena Koutsoukou, on behalf of HRH Prince Nikolaos",75.000,CELESTIAL CHOREOGRAPHY,Samtidskunst
587,2019,Professionshøjskolen UCN,500.000,Studie- eller praktikophold i udlandet for studerende på Professionshøjskolen UCN,Nordjylland
588,2019,Kulturhus Kappelborg,100.000,Skagen Kammermusikfestival 2019 + 2020,Klassisk musik
589,2019,Don’t fear the weird Filmfestival,100.000,Don’t fear the weird Filmfestival i Aalborg,Nordjylland
590,2019,Klitgården Refugium,50.000,Kunstnere til Nordjylland,Samtidskunst
591,2019,Ragnhild Kjølberg,15.000,Kammermusik i Dorf gl. Skole,Klassisk musik
592,2019,Tversted Pastorat,15.000,opera galla koncert,Klassisk musik
593,2019,Exlibristen,20.000,Jubilæumsskrift,Samtidskunst
594,2019,Randers Kunstmuseum,700.000,”Herfra hvor vi står. Syv kunstudstillinger om national identitet” på syv kunstmuseer i Region Midtjylland.,Samtidskunst
595,2019,Den Danske Strygekvartet,3.000.000,3-årigt samarbejde. Støtte til projekter i forbindelse med Den Danske Strygekvartets virke.,Klassisk musik
596,2019,Læsø Kunsthal,50.000,Jorn og myternes migration,Samtidskunst
597,2019,Skalborg Sportsklub (SSK),15.000,Forbundsmesterskaber (FM) i Fodbold,Nordjylland
598,2019,Lendum Kunst- og Kulturforening,300.000,Projekt Lendum Soltorv.,Nordjylland
599,2019,Fanø Sommerkoncerter,30.000,Fanø Sommerkoncerter 2019,Klassisk musik
600,2019,Ny Carlsberg Glyptotek,3.000.000,Samtidskunst på Glyptoteket,Samtidskunst
601,2019,Foreningen Kerteminde Kammermusikfestival,50.000,Kammermusikfestival på Lundsgaard Gods 8.-11. august 2019,Klassisk musik
602,2019,Hicsum,30.000,Hicsum 2019,Klassisk musik
603,2019,Nørrebiennalen,252.000,Nørrekærbiennalen 2019 Forandring Forankring,Samtidskunst
604,2019,Levende Musik i Skolen,1.000.000,Smag for Klassisk,Klassisk musik
605,2019,Lemvig Museum,50.000,Trækfuglevej,Samtidskunst
606,2019,Kulturmødet Mors,1.110.000,Kulturmødet 2019-2021,Nordjylland
607,2019,Foreningen GENKLANGE,500.000,Genklange og Den Rullende Koncertsal 2019-22,Klassisk musik
608,2019,Brandts,2.400.000,Udvikling af udstillingsprogram med dansk og international samtidskunst,Samtidskunst
609,2019,Projektorganisationen Nyt Hospital Nordsjælland,6.000.000,Kunstprojekt Livskraft på Nyt Hospital Nordsjælland,Samtidskunst
610,2019,CPH Opera Festival,2.500.000,Nordkraft som Opera,Klassisk musik
611,2019,Hvide Sande Masterclass,40.000,Hvide Sande Masterclass 2019,Klassisk musik
612,2019,Elvermose Klassiske Koncerter,40.000,Elvermose Klassiske Koncerter,Klassisk musik
613,2019,Containerakademiet v. Prof. Billedhugger Bjørn Nørgaard,5.000.000,Containerakademiet,Samtidskunst
614,2019,Fonden Chart,450.000,CHART 2019-2021,Samtidskunst
615,2019,KUNSTEN – Museum of Modern Art Aalborg,38.000,Kunsten Business Executive,Nordjylland
616,2019,Tord Løfgren,20.000,Open Strings Cellomasterclass 2019,Klassisk musik
617,2019,Den levende Middelalder,15.000,Middelalderdage på Vitskøl Kloster 2019,Nordjylland
618,2019,Esbjerg Int. Chamber Music Festival,40.000,EICMF 2019 – Esbjerg International Chamber Music Festival “Papa Haydn – strygekvartettens far”,Klassisk musik
619,2019,Musikteatret SAUM,50.000,Historien om V,Klassisk musik
620,2019,Grønnegårds Teatret,35.000,Grønnegårds Teatrets aktiviteter 2019,Samtidskunst
621,2019,SNOW MASK COMPOSER GROUP,20.000,Snow Masks to koncertserier efteråret 2019.,Klassisk musik
622,2019,Herning Opera Festival,100.000,Herning Opera Festival,Klassisk musik
623,2019,Charlottenborg Fonden,75.000,Charlottenborg Forårsudstilling 2020,Samtidskunst
624,2019,Fonden Musikkens Hus i Nordjylland,500.000,The Lauritz Melchior International Singing Competition 2020,Klassisk musik
625,2019,Aalborg Handelsskole,200.000,Internationalisering på erhvervsuddannelserne på Aalborg Handelsskole,Nordjylland
626,2019,Foreningen Camerata Øresund,40.000,Camerata Øresunds koncertprojekter efterår 2019,Klassisk musik
627,2019,KFP11 (Markus von Platen),400.000,Ørestad Kunsthal,Samtidskunst
628,2019,Vrå Koncerterne,50.000,Vrå koncerterne – genopstart af koncertforening med koncerter af høj professionel kvalitet,Nordjylland
629,2019,Lise-Lotte Terp/Arctic Consensus,100.000,Mennesket og klassisk musik – udvikler sig sammen i Grønland,Klassisk musik
630,2019,Vermilion Sands,100.000,You Don’t Know – Radical Imaginaries,Samtidskunst
631,2019,"Stig Løcke, Odsherred Kommune",5.000.000,Land-art-kunstværket Den heliotropiske by af Ólafur Elíasson i UNESCO Global Geopark Odsherred,Samtidskunst
632,2019,HEART,3.000.000,HEARTfuture,Samtidskunst
633,2019,Lydenskab,50.000,Vores Historie Genfortalt: En Symfoni Til Et Sted,Klassisk musik
634,2019,Jeanette Hillig / LIST,30.000,Opstart og drift af udstillingsstedet LIST,Samtidskunst
635,2019,Hobro Musikforening,20.000,Hobro Musikforenings koncertserie 2019/20,Nordjylland
636,2019,Den Danske Strygerkonkurrence,25.000,Den Danske Strygerkonkurrence,Klassisk musik
637,2019,AALBORG SLOTSTEATER (tidl. TeaterNord),125.000,2020 ’TOBAKKEN’ – Historien om C.W. Obels Tobaksfabrik.,Nordjylland
638,2019,Holbæk Art,200.000,Holbæk Art 2020,Samtidskunst
639,2019,M100 udstillingssted,100.000,Udstillingsprogram på M100 2020,Samtidskunst
640,2019,Musikforeningen UTZON,50.000,Musikforeningen UTZONs koncerter i 2020,Klassisk musik
641,2019,Kammermusikforeningen af 1887,50.000,Kammermusik i Christianskirken,Klassisk musik
642,2019,Noa Johannes Gudiksen Ehde,10.000,Deltagelse i Italy Percussive Art Society – Days of Percussion 2019,Klassisk musik
643,2019,NJORD New Nordic Music Biennale,50.000,NJORD New Nordic Music Biennale 2020,Klassisk musik
644,2019,Faaborg Museum,100.000,"Kirsten Justesen – Svanesø, sang og sokkel",Samtidskunst
645,2019,KFUKs Sociale Arbejde / Reden Aalborg,3.045.055,Ny boligsocial indsats for hjemløse eller voldsudsatte unge kvinder i Aalborg,Nordjylland
646,2019,Thisted Kirkes Drenge og Mandskor,50.000,Englandsturné 2019,Nordjylland
647,2019,Trio Amerise,40.000,Trio Amerise | Sæson 2019/20 i Østerbro Koncertforening,Klassisk musik
648,2019,Anders Visti,30.000,Perpetual Interpreter,Samtidskunst
649,2019,Københavns Byret,100.000,Portræt af Søren Axelsen,Samtidskunst
650,2019,KMF 336 – klassisk musikfestival,100.000,KMF 336 – 336 timers (14 dage) klassisk musikfestival 2020,Klassisk musik
651,2019,Aalborg Kammermusikforening,25.000,Aalborg Kammermusikforening sæson 2019/2020,Klassisk musik
652,2019,Line Wille / Spar Nord Bank A/S,85.000,Keep Nordjylland Special,Nordjylland
653,2019,Nordkraft Big Band,50.000,"ET JUBILÆUM, DER SAMARBEJDER OG PROFILERER NORDJYLLAND",Nordjylland
654,2019,Musik & Ungdom,25.000,Orkesterfestivalen 2020,Klassisk musik
655,2019,Aalborg Kongres & Kultur Center,86.000,Støtte til kultur i AKKC,Nordjylland
656,2019,Fanø Kunstmuseum,30.000,Vadehavet og andre landskaber,Samtidskunst
657,2019,Kunstnersammenslutningen Corner,50.000,Kunstnersammenslutningen Corners udstilling på Sophienholm i 2020,Samtidskunst
658,2019,Aalborg Kloster,5.000.000,Aalborg Kloster – en bæredygtig fremtid.,Nordjylland
659,2019,Natalia Gutman,22.500,Kunst-event Børsen (arbejdstitel),Samtidskunst
660,2019,Kunstbygningen i Vraa,175.000,JCE BIENNALEN 2019-21,Samtidskunst
661,2019,Primer,100.000,Primer: Kunstnersamarbejder 2020,Samtidskunst
662,2019,Christian IV’s Vokalensemble,30.000,Koncerter med Christian IV’s Vokalensemble i sæsonen 2019/2020,Klassisk musik
663,2019,KLANG-Copenhagen Avantgarde Music Festival,200.000,KLANG-Festoval 2020-2022,Klassisk musik
664,2019,Tivoli-Garden,1.000.000,Tivoli-Garden 2020,Klassisk musik
665,2019,Nordic Masterclass,75.000,Nordic Masterclass 2020,Klassisk musik
666,2019,KUNSTHAL 44 MØEN,450.000,SMEDJEN -Projektrum for unge kunstnere,Samtidskunst
667,2019,Kunstnernes Påskeudstilling,25.000,KP20 & SPRING20,Samtidskunst
668,2019,Thy Masterclass,65.000,Thy Kammermusikfestival 2020,Klassisk musik
669,2019,Copenhagen Summer Festival,25.000,Copenhagen Summer Festival 2020,Klassisk musik
670,2019,Nivaagaards Malerisamling,2.250.000,Danh Vo,Samtidskunst
671,2019,Den selvejende institution Ambulancedagene i Hobro,20.000,Ambufesten 100 års jubilæum,Nordjylland
672,2019,Copenhagen Photo Festival,1.600.000,Copenhagen Photo Festival 2020-2023,Samtidskunst
673,2019,Frelsens Hær,50.000,Julehjælp Aalborg Kommune,Nordjylland
674,2019,Louisiana Museum of Modern Art,6.000.000,Tre temaudstillinger: MOR / Kreativitet/ A.I. Kunstig intelligens,Samtidskunst
675,2019,Aalborg Events,100.000,Frihedsfest 2020,Nordjylland
676,2019,Musik & Ungdom,30.000,Musikskoledagei Tivoli 2020,Klassisk musik
677,2019,Aarhus International Piano Competition,75.000,Aarhus International Piano Competition 2021,Klassisk musik
678,2019,Københavns Drengekor,500.000,Københavns Drengekors koncertaktiviteter 2020-2022,Klassisk musik
679,2019,Aalborg Universitet,950.000,Det Obelske Familiefonds støtte til Aalborg Universitets udlandsophold,Nordjylland
680,2019,Herning Opera Festival,1.800.000,Udvikling af Herning Kirkes Drengekor til provinsens professionelle drenge- mandskor,Klassisk musik
681,2019,Lisbeth Eugenie Christensen,45.000,NATURE – Home and Workplace / Nuuk Kunstmuseum (GL) 2020,Samtidskunst
682,2019,Professionshøjskolen UCN,500.000,"Studieophold, praktikophold og kortere ophold i udlandet for studerende på Professionshøjskolen UCN",Nordjylland
683,2019,Aalborg Universitet,150.000,Legater til korte grupperejser til udlandet,Nordjylland
684,2019,Musikaktionærerne,150.000,Medlemskab af Musikaktionærerne,Nordjylland
685,2019,Initiativgruppen til oprettelsen af ”Fodboldspilleren Hennings Jensens Plads og skulptur i Nørresundby” tilknyttet Nørresundby Forenede Boldklubbers Venner,175.000,Fodboldspilleren Henning Jensens Plads og skulptur i Nørresundby,Nordjylland
686,2019,Skovsgård Hotel,1.500.000,Styrket indsats for social inklusion med Skovsgård Hotel som drivkraft – et socialt fyrtårn i Nordjylland,Nordjylland
687,2019,Kirkens Korshær Aalborg,35.000,Julehjælp til udsatte familier og socialt udsatte,Nordjylland
