,Receiver,Description,Country,Year,Grant Size (DKK),Category
0,Seniors without Borders (DK),Safe water for 2 schools and their local communities,Uganda,2016,1948,Safe Water
1,Practical Action (UK),"Safe drinking water – solar energy project for more than 20,000 people",Malawi,2016,3651,Safe Water
2,Oxfam GB (UK),"Safe water – replacing of borehole, servicing up to 30,000 people",Jordan,2016,827,Safe Water
3,Sunlit Future (IN),"Safe and improved water to 28 villages and more than 7,000 people",India,2016,1350,Safe Water
4,Water Mission (US),"Safe and affordable drinking water to 250,000 refugees in Nyarugusu, Mtendeli and Karagwe",Tanzania,2016,37364,Safe Water
5,Water Aid (UK),"12 solar powered water supply systems, reaching more than 50,000 people in rural communities",Mozambique,2016,3000,Safe Water
6,Norwegian Church Aid (NO),Safe water to Marembo Health Centre and two nearby communities,Burundi,2016,1334,Safe Water
7,Water Mission,Hurricane Matthew Disaster Response,Haiti,2016,1000,Safe Water
8,DGI (DK),"“Friendly” network of sports associations; attracting, retaining and integrating refugees and other vulnerable people",Denmark,2016,637,Social Responsibility (inclusion)
9,KIT (DK),Contact families to refugees – helping to give refugees a better start of their life in Denmark,Denmark,2016,350,Social Responsibility (inclusion)
10,Del Maden (Share the Food) (DK),Share the food – refrigerated van,Denmark,2016,100,Social Responsibility (inclusion)
11,DGI (DK),Inclusion ambassadors – focus on making it possible for refugees and other vulnerable people to participate in local sports associations,Denmark,2016,2450,Social Responsibility (inclusion)
12,Aarhus 2017 (DK),Inclusion of vulnerable groups among Aarhus 2017 volunteers,Denmark,2016,1000,Social Responsibility (inclusion)
13,Dan Church Aid (DK),WeFood and WeWater,Denmark,2016,1000,Social Responsibility (inclusion)
14,Mødrehjælpen (DK),Christmas Donation,Denmark,2016,200,Social Responsibility (inclusion)
15,Frelsens Hær (DK),Christmas Donation,Denmark,2016,200,Social Responsibility (inclusion)
16,Fonden Børnehjælpsdagen (DK),Christmas Donation,Denmark,2016,200,Social Responsibility (inclusion)
17,Naturvidenskabernes Hus (DK),Inspiring natural science for teachers and students,Denmark,2016,3000,RESEARCH & LEARNING (ACTIVE OWNERSHIP)
18,Aarhus University (DK),State-of-the-art laboratory for new internationally competitive research group within wireless trans- ceiver applications,Denmark,2016,2500,RESEARCH & LEARNING (ACTIVE OWNERSHIP)
19,Aalborg University (DK),2016 Grundfos Prize,Denmark,2016,750,RESEARCH & LEARNING (ACTIVE OWNERSHIP)
20,Prof. Kim Guldstrand Larsen,2016 Grundfos Prize,Denmark,2016,250,RESEARCH & LEARNING (ACTIVE OWNERSHIP)
21,Various Grundfos employees,2016 Poul Due Jensen Innovation Awards and Scholarships,Several countries,2016,410,RESEARCH & LEARNING (ACTIVE OWNERSHIP)
22,Unleash (DK),"Gathering 1000 young global talents, finding new ways to fulfil UN’s 17 sustainable development goals",Denmark,2017,2000,RESEARCH & LEARNING (ACTIVE OWNERSHIP)
23,BØRNEfonden,2017-002 Phase 1 extension,Togo,2017,562,
24,BØRNEfonden,2017-010 Togo Phase 2,Togo,2017,3000,
25,Practical Action,2017-005 Peru Flooding Disaster Relief,Peru,2017,1000,
26,Oxfam,2017-018 Rohingya Crises Bangladesh,Bangladesh,2017,1000,
27,Oxfam,2017-012 Nepal Safe Water,Nepal,2017,8822,
28,Water Mission,2017-013 Tanzania Host,Tanzania,2017,5854,
29,Water Mission,2017-014 2018 SE Asia Clean Water Initiative,Indonesia,2017,4784,
30,Sunlit Future,2017-017 100-100 Phase 4,India,2017,474,
31,Aalborg University,"2017-008 Infrastructure Laboratory, Smart Water Infrastructure",Denmark,2017,5000,
32,Aalborg University,2017-023 Professorships in computer science,Denmark,2017,17000,
33,Aarhus University WATEC,2017-024 Professorship in water treatment,Denmark,2018,11000,
34,Aarhus University WATEC,2017-025 Sensor laboratory and professorship in water quality sensors,Denmark,2018,16189,
35,Aarhus University WATEC,2017-026 Sensor laboratory postdocs,Denmark,2018,6000,
36,Aarhus University WATEC,2017-027 Free postdocs,Denmark,2018,7000,
37,Technical University of Denmark DTU Environment,Grundfos Prize – research grant,Denmark,2017,750,
38,"Researcher, DTU Irini Angelidaki",2017 Grundfos Prize Winner,Denmark,2017,250,
39,Various Grundfos Employees,2017 Poul Due Jensen Innovation Awards and Scholarships,Several countries,2017,397,
40,Randers gymnastiske Forening,2016-129 Inclusion through sports clubs,Denmark,2018,1925,
41,Underværket,2016-157 “Strictly Come Danish”,Denmark,2018,800,
42,DGI,2017-009 Sport Associations for everyone,Denmark,2018,3000,
43,Mødrehjælpen,2017-019 Christmas donation,Denmark,2017,200,
44,Frelsens Hær,2017-020 Christmas donation,Denmark,2017,200,
45,Børnehjælpsdagen,2017-021 Christmas donation,Denmark,2017,200,
46,Dansk Folkehjælp,2017-022 Christmas donation,Denmark,2017,200,
47,Justice for San Luis Potosi,Winner of Social Responsibility Award 2017,Mexico,2017,149,
48,Water Mission,2018-005 Kenya 23 - Next level,Kenya,2018,12787,
49,PlanBørnefonden,2018-007 Togo - Phase III,Togo,2018,10000,
50,Sunlit Future,2018-008 100-100 - Revisit and Repair,India,2018,486,
51,Sunlit Future,2018-009 Odisha - 75 communities,India,2018,3026,
52,Sunlit Future,2018-010 Spiti Valley - 4 communities,India,2018,411,
53,Sunlit Future,2018-011 Pragati - 10 communities,India,2018,1569,
54,Jysk Landsbyudvikling,2018-031 Nepal Fixit,India,2018,300,
55,PlanBørnefonden,2018-028 Togo - Battery project,Togo,2018,1500,
56,Water Mission,2018-006 Water for Zeze community,Tanzania,2018,498,
57,Water Mission,2018-045 Disaster relief - Indonesia Earthquake and Tsunami,Indonesia,2018,2023,
58,AU - Engineering,2018-001 PhD in wireless transceivers,Denmark,2018,870,
59,DTU - Energy,2018-016 Brown’s Paradox in Permanent Magnets,Denmark,2019,3559,
60,DTU - Mechanical Engineering,2018-017 Open Additive Production,Denmark,2019,17896,
61,AAU – Chemistry & Bioscience,2018-018 Microflora Danica I,Denmark,2019,18922,
62,AAU – Electronic Systems,2018-034 Smart Water Lab - additional grant,Denmark,2018,2475,
63,Naturvidenskabernes Hus and ASTRA,2018-043 Stockholm Junior Water Prize - Denmark,Denmark,2019,3538,
64,AU – Physics and Astronomy,2018 Grundfos Prize - research grant,Denmark,2018,750,
65,AU - Jacob F. Sherson,2018 Grundfos Prize personal award,Denmark,2018,250,
66,13 Grundfos Employees,Poul Due Jensens Innovation Award and Scholarships 2018,Denmark,2018,400,
67,Mødrehjælpen,2018-047 Christmas donation,Denmark,2018,500,
68,Frelsens Hær,2018-048 Christmas donation,Denmark,2018,500,
69,Dansk Folkehjælp,2018-049 Christmas donation,Denmark,2018,500,
70,Børnehjælpsdagen,2018-050 Christmas donation,Denmark,2018,500,
71,"Den Sociale Udviklingsfond,Randers and Syddjurs Job Centres",2018-026 Social Job Match,Denmark,2018,1299,
72,Skive Municipality,2018-002 Ready for education,Denmark,2019,2051,
73,Norddjurs Municipality,2018-004 Recruiting for the harbour,Denmark,2019,270,
74,Syddjurs Municipality,2018-012 A healthy working life,Denmark,2019,1000,
75,Randers Municipality and Norddjurs Municipality,2018-03 RUN,Denmark,2018,6968,
76,Stairway Foundation,Poul Due Jensen Social Responsibility Award 2017,Philippines,2018,149,
77,MH24 Foreningen Mikkel mod Mobning,"2019-003 Antibulli Håndbold, Midtjylland",Danmark,2019,1500,Inklusion
78,Norddjurs Kommune – arbejdsmarkedsafdelingen,2019-024 Rekruttering til havnen II,Danmark,2019,2350,Inklusion
79,Discus,2019-026 Forprojekt: Klimajob i SMV'er,Danmark,2019,180,Inklusion
80,Discus,2019-027 Forprojekt: Job i boligforeninger,Danmark,2019,585,Inklusion
81,Dansk Folkehjælp,2019-020 Juledonation,Danmark,2019,500,Inklusion
82,Frelsens Hær,2019-021 Juledonation,Danmark,2019,500,Inklusion
83,Mødrehjælpen,2019-022 Juledonation,Danmark,2019,500,Inklusion
84,Røde Kors,2019-030 Juledonation,Danmark,2019,500,Inklusion
85,Aarhus Universitet – Engineering,2018-019 Den digitale tvilling,Danmark,2019,12070,Forskning
86,Aalborg Universitet – Kemi og Bioscience,2018-046 Microflora Danica II,Danmark,2019,9439,Forskning
87,Aarhus Universitet – Bioscience,2019-004 WETPOL konference,Danmark,2019,120,Forskning
88,Danmarks Tekniske Universitet – Mekanik,2018-039 Center for Turbulensforskning,Danmark,2019,12905,Forskning
89,Aarhus Universitet – Geoscience,2019-001 Si-TEM,Danmark,2019,3467,Forskning
90,Aalborg Universitet – Elektroniske Systemer,2019-007 Vandinfrastrukturlaboratorium III,Danmark,2019,3072,Forskning
91,ASTRA,2019-014 Naturvidenskabsfestival,Danmark,2019,500,Forskning
92,Polyteknisk Boghandel og Forlag,2019-016 Wastewater Treatment lærebog genudgivelse,Danmark,2019,300,Forskning
93,Naturvidenskabernes Hus,2019-017 Skolebesøg II,Danmark,2019,1000,Forskning
94,Aarhus Maskinmesterskole og MERCANTEC,2019-015 Viborg Maskinmesterskole,Danmark,2019,3000,Forskning
95,Aarhus Universitet – Geoscience,2019-040 Si-TEM tillægsbevilling,Danmark,2019,1486,Forskning
96,Bjerringbro Gymnasium,2019-041 BeScience,Danmark,2019,2993,Forskning
97,ASTRA,2019-042 Big Bang Konference,Danmark,2019,500,Forskning
98,Syddansk Universitet m.fl.,2019-043 Forprojekt: Sørensning,Danmark,2019,2500,Forskning
99,Aalborg Universitet – Kemi og Bioscience,Grundfosprisen 2019 – forskningsmidler,Danmark,2019,750,Forskning
100,Professor Morten M. Smedskjær,Grundfosprisen 2019 - personlig anerkendelse,Danmark,2019,250,Forskning
101,Norwegian Church Aid,"2018-029 Burundi, fase II",Burundi,2019,7641,Vand
102,Practical Action,2018-033 Turkana,Kenya,2019,14309,Vand
103,Sunlit Future,2018-041 Indiske skoler,Indien,2019,261,Vand
104,Water Mission,"2019-002 Tanzania værtssamfund, fase II",Tanzania,2019,8650,Vand
105,Water Mission,"2019-010 Indonesien, fra nødhjælp til bæredygtige projekter",Indonesien,2019,607,Vand
106,Jysk landsbyudvikling i Nepal,2019-018 Nepal Fixit,Nepal,2019,5999,Vand
107,Water Mission,2019-019 Turbinepumpe til bjerglands- byer,Indonesien,2019,1067,Vand
108,Water Mission,2019-005 Katastrofehjælp Malawi,Malawi,2019,1016,Vand
109,PlanBørnefonden,2019-006 Katastrofehælp Mozambique,Mozambique,2019,1000,Vand
110,Water Mission,2019-029 Katastrofehjælp Bahamas,Bahamas,2019,250,Vand
111,UNICEF,2019-047 Emergencies 365 fond for nødhjælp,Global,2019,3300,Vand
112,C40 Cities,2019-050 Water-Safe Cities of the Future,Global,2019,3800,Vand
113,Bjerringbro Kirke,2019-013 Springvand,Danmark,2019,3500,Samfundsengagement
114,Viborg Private Realskole,2019-012 VpR International,Danmark,2019,3000,Samfundsengagement
115,Aarhus Kommune,2019-049 Dronning Margrethe 80 år,Danmark,2019,1000,Samfundsengagement
116,13 Grundfos-ansatte,Poul Due Jensens Innovationspris og Studielegater 2019,Global,2019,429,Samfundsengagement
117,Rotary Club Madras,Poul Due Jensens Pris for Social Ansvarlighed 2019,Indien,2019,151,Samfundsengagement
118,Oxfam,"Bæredygtig vandforsyning i Terai Lowlands, (fase 2)",Nepal,2020,4159,Vand og bæredygtig udvikling
119,Water Mission,Rent drikkevand i Nyarugusu og to lokale lands- bysamfund (fase 2),Tanzania,2020,4373,Vand og bæredygtig udvikling
120,Sunlit Future,Drikkevand i Indien - genbesøgelse af 89 vandprojekter (fase 4),Indien,2020,6196,Vand og bæredygtig udvikling
121,Sunlit Future,"Vand til Demul Village i Himalaya -
forundersøgelse",Indien,2020,374,Vand og bæredygtig udvikling
122,PlanBørnefonden,Flygtningesamfund i Gambella - forundersøgelse,Etiopien,2020,692,Vand og bæredygtig udvikling
123,Stockholm Water Institute,World Water Week Communications Initiative,Global,2020,2500,Vand og bæredygtig udvikling
124,Sunlit Future,Vandforsyning til indiske landsbyskoler (fase II),Indien,2020,337,Vand og bæredygtig udvikling
125,"OPP Research & Training
Institute",Billig sanitetsinfrastruktur,Pakistan,2020,3238,Vand og bæredygtig udvikling
126,ICRC Den Internationale Røde Kors Komité,"COVID-19 respons - COVID-19 Emergency
Appeal",Global,2020,5000,Vand og bæredygtig udvikling
127,Unicef,"COVID-19 respons -  Humanitarian Action for
Children",Global,2020,5000,Vand og bæredygtig udvikling
128,NRC Norsk Flygtningehjælp og DRC Dansk Flygtningehjælp,"COVID-19 respons - Vand, sanitet og hygiejne til flygtningesamfund","Iran, Nigeria, Tanzania,
Kenya",2020,3076,Vand og bæredygtig udvikling
129,Water Mission,"COVID-19 respons - Etablering af håndvaske-
stationer",Global,2020,10321,Vand og bæredygtig udvikling
130,Oxfam,"COVID-19 respons - Vand, sanitet og hygiejne",Nepal,2020,2271,Vand og bæredygtig udvikling
131,Læger uden grænser,COVID-19 respons - Flygtningelejre og hospitaler,Libanon,2020,1973,Vand og bæredygtig udvikling
132,Practical Action,"COVID-19 respons - Vand, sanitet og hygiejne",Kenya,2020,2316,Vand og bæredygtig udvikling
133,World Vision,"COVID-19 respons - Vand, sanitet og hygiejne","Niger, Ghana",2020,2312,Vand og bæredygtig udvikling
134,Human Needs Project,COVID-19 respons - Kibera Town Centre,Kenya,2020,635,Vand og bæredygtig udvikling
135,Oxfam,"COVID-19 respons - Vand, sanitet og hygiejne (fase 2)",Nepal,2020,3041,Vand og bæredygtig udvikling
136,Water Mission,Rent vand til Sydøstasien (fase 4),Indonesien,2020,3086,Vand og bæredygtig udvikling
137,Water Mission,Kenya 23 - næste skridt (fase 4),Kenya,2020,3103,Vand og bæredygtig udvikling
138,PlanBørnefonden,Flygtningesamfund i Gambella-regionen (projekt SunWASH),Etiopien,2020,12500,Vand og bæredygtig udvikling
139,NCA Kirkens Nødhjelp,Rent drikkevand til Burundi (fase 3),Burundi,2020,3026,Vand og bæredygtig udvikling
140,NRC Norsk Flygtningehjælp,"Vand, sanitet og hygiejne til Somali-regionen",Etiopien,2020,3036,Vand og bæredygtig udvikling
141,ICRC Den Internationale Røde Kors Komité,COVID-19 respons - COVID-19 Emergency Appeal (fase 2),Global,2020,3058,Vand og bæredygtig udvikling
142,Ufuse Production,‘Into Dust’ Documentary Impact Kampagne,USA,2020,5000,Vand og bæredygtig udvikling
143,PlanBørnefonden,COVID-19 respons - Togo og Etiopien,"Togo, Etiopien",2020,3690,Vand og bæredygtig udvikling
144,"Aalborg Universitet - Elektroniske
Systemer",Smart Water Infrastructure (SWIft),Danmark,2020,6923,Forskning og læring
145,"Københavns Universitet -
Niels Bohr Instituttet",Julekalender 2021: Kometernes Jul,Danmark,2020,7500,Forskning og læring
146,"DTU Aqua, SDU Biologi, AU Bioscience",Bæredygtig Sørestaurering 2020,Danmark,2020,6123,Forskning og læring
147,Via University College Horsens,IWA World Water Camp,Danmark,2020,190,Forskning og læring
148,Aalborg Universitet - Materialer og Produktion,Laserformgivning,Danmark,2020,4320,Forskning og læring
149,"Sustanias Fond/Mandag morgen
fonden",Sustania World,Danmark,2020,500,Forskning og læring
150,"Aalborg Universitet -  Medicin
og Sundhedsteknologi",COVID-19 respons - Nødrespiratorer,Danmark,2020,1800,Forskning og læring
151,"Aalborg Universitet - Kemi
og Bioscience",COVID-19 respons - Corona Danica,Danmark,2020,4252,Forskning og læring
152,Region Midtjylland - Præhospitalet,COVID-19 respons - Præhospitaltest,Danmark,2020,228,Forskning og læring
153,Rigshospitalet - CPH Trial Unit,COVID-19 respons - Living Systematic Review,Danmark,2020,2915,Forskning og læring
154,"Aarhus Universitetshospital -
Center for Akutforskning",COVID-19 respons - Lungeultralydsscanning,Danmark,2020,339,Forskning og læring
155,Aalborg Universitet -  Datalogi,COVID-19 respons - Beslutningsstøtte,Danmark,2020,1205,Forskning og læring
156,"Aalborg Universitet - Kemi
og Bioscience",Fosfor forprojekt,Danmark,2020,400,Forskning og læring
157,Flere universiteter,Bæredygting Sørestaurering 2021,Danmark,2020,14440,Forskning og læring
158,Aalborg Universitet - Energiteknik,CoDE I - Effektelektronik,Danmark,2020,4002,Forskning og læring
159,Luther Stiftung,Jugend Unternimmt Sommerskole 2021,Tyskland,2020,112,Forskning og læring
160,Naturvidenskabernes Hus,Besøg i Huset,Danmark,2020,7385,Forskning og læring
161,"Danmarks Tekniske Universitet -
Skylab",IWA Next Generation Urban Water Action,Danmark,2020,750,Forskning og læring
162,Copenhagen Business School,De Erhvervsdrivende Fonde i Coronakrisen,Danmark,2020,1000,Forskning og læring
163,"Syddansk Universitet -
Institut for Fysik, Kemi og Farmaci",Grundfosprisen 2020 - forskningsmidler,Danmark,2020,750,Forskning og læring
164,Lektor Dorthe Bomholdt Ravnsbæk,Grundfosprisen 2020 - personlig anerkendelse,Danmark,2020,250,Forskning og læring
165,DRC Dansk Flygtningehjælp,Social investeringsmodel for arbejds- markedsinklusion,Danmark,2020,7115,Inklusion og Samfundsengagement 
166,DEFACTUM,Flere i Fællesskabet (Region Midtjylland),Danmark,2020,2525,Inklusion og Samfundsengagement 
167,Dansk Røde Kors,"COVID-19 respons - Besøgshjælp til ældre
og ensomme",Danmark,2020,1200,Inklusion og Samfundsengagement 
168,Dansk Røde Kors,"COVID-19 respons - Snak Sammen
(digitalt mødested)",Danmark,2020,300,Inklusion og Samfundsengagement 
169,Den Sociale Retshjælp,COVID-19 respons - Digital omstilling,Danmark,2020,500,Inklusion og Samfundsengagement 
170,Foreningen Møllerne,Broen - værested for unge i Bjerringbro,Danmark,2020,130,Inklusion og Samfundsengagement 
171,Frelsens Hær,Juledonation,Danmark,2020,500,Inklusion og Samfundsengagement 
172,Mødrehjælpen,Juledonation,Danmark,2020,500,Inklusion og Samfundsengagement 
173,Dansk Røde Kors,Juledonation,Danmark,2020,500,Inklusion og Samfundsengagement 
174,De hjemløses organisation SAND,Juledonation,Danmark,2020,500,Inklusion og Samfundsengagement 
175,Boligselskabet Viborg,Job i almene boligområder,Danmark,2020,2000,Inklusion og Samfundsengagement 
176,"Energimuseet, Bjerringbro","Udvikling af nyt energimuseum med fokus
på bæredygtighed",Danmark,2020,2500,Inklusion og Samfundsengagement 
177,LIFE Exhibitions,Udstilling om FN´s 17 verdensmål,Danmark,2020,250,Inklusion og Samfundsengagement 
178,Gitte Redder og Karin Palshøj,"Bogprojekt om Dronning Margrethes 50 år
som regent",Danmark,2020,300,Inklusion og Samfundsengagement 
179,25 Grundfos-ansatte,Poul Due Jensens Innovationspris og Studielegater 2020,Global,2020,435,Inklusion og Samfundsengagement 
180,ASSIST Asia,Poul Due Jensens Pris for Social Ansvarlighed 2020,Filippinerne,2020,149,Inklusion og Samfundsengagement 
181,"Jingmen Red Cross og
Xiantao Charity Federation",COVID-19 respons - Nødhjælp til hospitaler i Hubei provisen,Kina,2020,735,Community Engagement         
182,"SOSNPO, Save Our Schools, SA",COVID-19 respons - Emergency Hand Was- hing Stations,Sydafrika,2020,206,Community Engagement         
183,The Pharmaceutical Society of Uganda,COVID-19 respons - Lavpris håndsprit,Uganda,2020,67,Community Engagement         
184,Diverse organisationer,COVID-19 respons - Visirer,Global,2020,2052,Community Engagement         
185,Hand in Hand India,"COVID-19 respons - Beskyttelsesudstyr til
sanitetsarbejdere",Indien,2020,191,Community Engagement         
186,Hand in Hand India,"COVID-19 respons - Beskyttelsesudstyr til
sundhedsarbejdere og politi",Indien,2020,107,Community Engagement         
187,NalandaWay Foundation,"COVID-19 respons - Karapakkam School -
nødrationer",Indien,2020,12,Community Engagement         
188,SOS Børnebyer,COVID-19 respons - Nødrationer til 8 børnebyer,Filippinerne,2020,270,Community Engagement         
189,National Business Initiative,COVID-19 respons - Opstilling af håndvaske,Sydafrika,2020,639,Community Engagement         
190,GiveBackGhana,"COVID-19 respons - Agbogbloshie slummen -
nødrationer",Ghana,2020,149,Community Engagement         
191,Genesis Trust,COVID-19 respons - Sydafrika - nødrationer,Sydafrika,2020,223,Community Engagement         
192,The Patient Care Foundation,"COVID-19 respons - Beskyttelsesudstyr og
træning af medarbejdere",Ungarn,2020,433,Community Engagement         
193,Domov Sluenice Ostrava,COVID-19 respons - Rent vand til seniorboliger,Tjekkiet,2020,34,Community Engagement         
194,Residential care institution Kulina,COVID-19 respons - Bedre vand og spilde- vandsrensning på plejehjem,Serbien,2020,235,Community Engagement         
195,ACE Charity,"COVID-19 respons - Fjernundervisning via
radio I",Nigeria,2020,316,Community Engagement         
196,Hand in Hand India,"COVID-19 respons - Vadsar og Moti Bhoyan
- nødrationer",Indien,2020,142,Community Engagement         
197,ACT Foundation,"COVID-19 respons - Beskyttelsesudstyr til
hospitaler i Jakarta",Indonesien,2020,35,Community Engagement         
198,Brookwood Community,"COVID-19 respons - Beskyttelses- og
sundhedsudstyr samt driftstilskud",USA,2020,700,Community Engagement         
199,Saint Barbara Hospital,"COVID-19 respons - Træning og elektriske
installationer",Ungarn,2020,234,Community Engagement         
200,Zhytomyr Water Utility Company,Sikring af vandforsyning til Zhytomyr,Ukraine,2020,169,Community Engagement         
201,The Andando Foundation,Batana Wolof (andelsmarkedshaver for kvinder),Senegal,2020,321,Community Engagement         
202,vision:teilen,"COVID-19 respons - Godnatbus for hjemløse
- Düsseldorf",Tyskland,2020,159,Community Engagement         
203,Fundación NuevaLife,Bæredygtig vandforsyning og hygiejnetræning,Colombia,2020,127,Community Engagement         
204,Water Institute of Southern Africa,COVID-19 respons - Produktion af visirer,Sydafrika,2020,121,Community Engagement         
205,Proyecto Agua Segura,"COVID-19 respons - Hygiejnetræning via 70
community centre",Uruguay,2020,631,Community Engagement         
206,Assist Asia,"Water supply disease prevention in Baseco
compound, Manila","Filippin-
erne",2020,922,Community Engagement         
207,"FANT, football for a new tomorrow",Sportsaktiviteter for unge handicappede,Ghana og Sierra Leone,2020,218,Community Engagement         
208,Sefras,"COVID-19 respons - Nødrationer til udsatte, São Paulo",Brasilien,2020,961,Community Engagement         
209,Generosity Global,Rent vand til Bepanda Community,Cameroun,2020,185,Community Engagement         
210,Trussell Trust,"COVID-19 respons - Madstøtte og
madrationer",England,2020,82,Community Engagement         
211,Water Research Commission,"COVID-19 respons - Overvågning af ikke-
kloakerede lokalsamfund",Sydafrika,2020,366,Community Engagement         
212,Aleimar OdV,"Next to children, gentænkning af didaktiske metoder efter nedlukning",Italien,2020,710,Community Engagement         
213,Rural Development Organization,"COVID-19 respons - sygdomsforebyggelse i
Iringa-regionen",Tanzania,2020,1259,Community Engagement         
214,"American Red Cross of Central
California",Nødhjælp efter skovbrande i Californien,USA,2020,316,Community Engagement         
215,Hand in Hand India,Vandforsyning i Jethalaj,Indien,2020,86,Community Engagement         
216,Hand in Hand India,"Vandinfrastruktur i Khorai, Zlapur og Gujarat",Indien,2020,278,Community Engagement         
217,Hand in Hand India,Vandforsyning i Tamil Nadu,Indien,2020,82,Community Engagement         
218,ACE Charity,"COVID-19 respons - Fjernundervisning via
radio II",Nigeria,2020,503,Community Engagement         
219,GROOTS Kenya,Vandprojekter ledet af kvinder,Kenya,2020,348,Community Engagement         
220,Aldershot Bokseklub,Sportsaktiviteter for udsatte unge,England,2020,41,Community Engagement         
221,"SOSNPO, Save Our Schools, SA","COVID-19 respons - Håndvaskestationer og
sundhedskommunikation",Sydafrika,2020,224,Community Engagement         
222,Nazarene Compassionate Ministries,"COVID-19 respons -Hygiejneindsats på 3
børnehjem",Eswatini,2020,63,Community Engagement         
223,Rector Cares Foundation,Soldrevet vandforsyning til lokalsamfund i Obuofia,Nigeria,2021,465,Community Engagement Grants
224,COLANDEF,Ghana Water Initiative - bedre sanitære forhold i Abomosu,Ghana,2021,186,Community Engagement Grants
225,Yidu Muncipal Red Cross,Badefaciliteter på plejehjem i Yidu City,Kina,2021,375,Community Engagement Grants
226,Proyecto Agua Segura,Vand og hygiejnetræning til bekæmpelse af COVID-19,Argentina,2021,842,Community Engagement Grants
227,Water and Life Philippines,Vand og sanitet i slumområder i Cebu,Filippinerne,2021,372,Community Engagement Grants
228,Xishui County Red Cross,Drikkevandsforsyning til landsbysamfund nær Xishui,Kina,2021,373,Community Engagement Grants
229,International Water and Development Consultancy (IWDC),Udskiftning af håndpumper med soldrevne vandsystemer i Nuba Hills,Sydsudan,2021,411,Community Engagement Grants
230,GIve Back Ghana,Mad og hygiejnepakker til beboere i Old Fadama,Ghana,2021,314,Community Engagement Grants
231,World Vision China Foundation Limited,Adgang til vand og hygiejneoplysning i kinesiske landdistrikter,Kina,2021,261,Community Engagement Grants
232,Ungdommens Røde Kors,Sommerlejr - Frøen,Danmark,2021,40,Community Engagement Grants
233,Dream Farm Kyakabunga Group,Bæredygtig landbrugsudvikling i Kyakabunga,Uganda,2021,334,Community Engagement Grants
234,The Water Well Trust,Adgang til vand efter skovbrande i Californien,USA,2021,745,Community Engagement Grants
235,Agua Por La Vida,Vandfiltreringstårne til skoler i Quipile og Cumaral,Colombia,2021,469,Community Engagement Grants
236,Danske Skoleelever,Undervisningsmateriale om bæredygtighed,Danmark,2021,446,Community Engagement Grants
237,Blue Gold Works Inc.,Soldrevet vandsystem og kunstvanding til Gurbi,Ghana,2021,373,Community Engagement Grants
238,FANT - Football for A New Tomorrow,Skabe selvstændige piger gennem sport,Ghana and Sierra Leone,2021,1296,Community Engagement Grants
239,SA.LA.MA (Santé par la Langue Maternelle),Soldrevet vandsystem og kunstvanding til Kar Hay,Cameroun,2021,319,Community Engagement Grants
240,HOPin Academy,Renovering af sundhedsklinik i Nanton,Ghana,2021,385,Community Engagement Grants
241,Patch Farms,Kunstvanding på landbrugsskole for udviklingshæmmede,USA,2021,757,Community Engagement Grants
242,Asociacion Cooperadora del Establecimiento Educatvo E.P. No 12 del Distrito de Tigre,Bæredygtig ø-skole og forsamlingshus i Tigre-deltaet,Argentina,2021,968,Community Engagement Grants
243,Energy 4 Impact,Soldreven kunstvanding til landbrug i de mindst udviklede regioner,Tanzania,2021,962,Community Engagement Grants
244,Safe Water Network,Udvikling af kommercielt levedygtige vandløsninger,Ghana,2021,595,Community Engagement Grants
245,NuevaLife,Soldrevet elforsyning til huse og fodboldbane,Colombia,2021,131,Community Engagement Grants
246,Sustainability Steps Association,SDG-inspirationsworkshops til unge ingeniører,Tyrkiet,2021,260,Community Engagement Grants
247,Rainbow Trust Foundation,Etablering af biblioteker på 5 skoler i distrikterne omkring Accra,Ghana,2021,869,Community Engagement Grants
248,ACE Charity,Vand og sanitet til læringscentre,Nigeria,2021,739,Community Engagement Grants
249,Fundacion Club Universitario de Buenos Aires,Uddannelse og sport: social inklusion efter sundhedskrisen,Argentina,2021,521,Community Engagement Grants
250,Beyond The City,Karriereplanlægning for studerende fra landdistrikter,Kina,2021,208,Community Engagement Grants
251,Makueni Aloe Vera Farmer Self Help Group,"Adgang til vand samt forbedret landbrug, sundhed og ernæring.",Kenya,2021,375,Community Engagement Grants
252,"Aalborg Universitet, Institut for Kemi og Biovidenskab",Grundfosprisen 2021 forskningsmidler,Danmark,2021,750,priser
253,Professor Mads Albertsen,Grundfosprisen 2021 - personlig anerkendelse,Danmark,2021,250,priser
254,3 studerende,Grundfosprisen 2021 - studenterpriser,Danmark,2021,75,priser
255,28 Grundfos-ansatte,2021 Grundfos People Awards,Global,2021,675,priser
256,NuevaLife Foundation,2021 Grundfos Community Engagement Award,Colombia,2021,149,priser
257,PlanBørnefonden,Flygtningesamfund i Gambella,Etiopien,2021,12450,Vand og Bæredygtig Udvikling
258,UNICEF,Landsbysamfund i det vestlige Tanzania,Tanzania,2021,22548,Vand og Bæredygtig Udvikling
259,Sunlit Future,Vandforsyning i landdistrikter,Indien,2021,7225,Vand og Bæredygtig Udvikling
260,Water Mission,"Nødhjælp, jordskælv i Indonesien",Indonesien,2021,1005,Vand og Bæredygtig Udvikling
261,PlanBørnefonden,Udvidelse af vandforsyning i Plateaux-regionen,Togo,2021,1528,Vand og Bæredygtig Udvikling
262,PlanBørnefonden,Genbesøg og kvalitetssikring af vandprojekter,Togo,2021,7600,Vand og Bæredygtig Udvikling
263,UNICEF,Donation af teknisk udstyr,Tanzania,2021,1436,Vand og Bæredygtig Udvikling
264,"SOSNPO, Save Our Schools, SA",Nødhjælp brand i Cape Town,Sydafrika,2021,200,Vand og Bæredygtig Udvikling
265,Hand in Hand India,Nødhjælp COVID-19 i Indien,Indien,2021,319,Vand og Bæredygtig Udvikling
266,"IDCC, det dansk-indiske handelskammer",Nødhjælp COVID-19 i Indien,Indien,2021,250,Vand og Bæredygtig Udvikling
267,Water Mission,Rent drikkevand til Makere,Tanzania,2021,2998,Vand og Bæredygtig Udvikling
268,Oxfam,COVID-19 i Terai Lowlands,Nepal,2021,1142,Vand og Bæredygtig Udvikling
269,Human Needs Project,COVID-19 i Kibera slum,Kenya,2021,614,Vand og Bæredygtig Udvikling
270,Nanyang Charity Federation,Nødhjælp oversvømmelse Kina,Kina,2021,983,Vand og Bæredygtig Udvikling
271,Water Mission,"Nødhjælp, jordskælv i Haiti",Haiti,2021,998,Vand og Bæredygtig Udvikling
272,Practical Action,Vandingforsyning til nomadefolk i Turkana,Kenya,2021,7530,Vand og Bæredygtig Udvikling
273,Human Needs Project,"Flaskevandsfabrik, Kibera Town Center",Kenya,2021,996,Vand og Bæredygtig Udvikling
274,Water Mission,Vandforsyning til flygtningssamfund i det vestlige Tanzania,Tanzania,2021,6655,Vand og Bæredygtig Udvikling
275,ICRC Den Internationale Røde Kors Komité,Træningscenter for energi og vand for NGO´er,Kenya,2021,1650,Vand og Bæredygtig Udvikling
276,PlanBørnefonden,Forstudie: Holistiske WASH-metoder,Togo,2021,3487,Vand og Bæredygtig Udvikling
277,Oxfam,Bæredygtig forretningsmodel for vandforsyning,Nepal,2021,4679,Vand og Bæredygtig Udvikling
278,Stockholm International Water Institute,World Water Week Communications Initiative,Global,2021,1500,Vand og Bæredygtig Udvikling
279,Water Mission,Vandforsyning i landdistrikter,Kenya,2021,3280,Vand og Bæredygtig Udvikling
280,Global Water Center,Forprojekt VVS-uddannelse,Ghana,2021,275,Vand og Bæredygtig Udvikling
281,PlanBørnefonden,Nødhjælp Tigray,Etiopien,2021,500,Vand og Bæredygtig Udvikling
282,Water and Life Philippines,"Nødhjælp, Super tyfon Rai",Filippinerne,2021,297,Vand og Bæredygtig Udvikling
283,"Aalborg Universitet, Institut for Kemi og Biovidenskab",Membrankrystallisering,Danmark,2021,5562,Forskning og Læring
284,ASTRA,Naturvidenskabsfestival,Danmark,2021,7500,Forskning og Læring
285,"Aarhus Universitet, Institut for Geoscience",SuperTEM - grundvandsovervågning,Danmark,2021,2200,Forskning og Læring
286,"Aalborg Universitet, Institut for Energiteknik",Næste generation effektelektronik (CoDE),Danmark,2021,15634,Forskning og Læring
287,"Aalborg Universitet, Institut for Planlægning",Interdisciplinær problembaseret læring,Danmark,2021,5844,Forskning og Læring
288,"Aarhus Universitet, Institut for Elektro- og Computerteknologi",Transceiver PhD forlængelse,Danmark,2021,113,Forskning og Læring
289,Den selvejende institution Videnskabsår22,Videnskabsår22,Danmark,2021,850,Forskning og Læring
290,Flere universiteter,Bæredygtig sørestaurering - rePair,Danmark,2021,25919,Forskning og Læring
291,Danmarks Tekniske Universitet - Skylab,Next Generation Water Action 2022,Danmark,2021,800,Forskning og Læring
292,"Aarhus Universitet, Institut for Kultur og Samfund","Urban water governance i Nairobi, Kenya",Danmark,2021,148,Forskning og Læring
293,"VIA University College, Horsens",World Water Camp 2022,Danmark,2021,350,Forskning og Læring
294,ASTRA,Unge forskere 2022,Danmark,2021,250,Forskning og Læring
295,ASTRA,Big Bang konference 2022,Danmark,2021,500,Forskning og Læring
296,"Danmarks Tekniske Universitet, Institut for Mekanisk Teknologi",Åben additiv fremstilling udstyr,Danmark,2021,2610,Forskning og Læring
297,Flexfabrikken,Mærk jobbet,Danmark,2021,5475,Inklusion og Samfundsengagement
298,Den Sociale Retshjælp,Fremtidssikring af organisationen,Danmark,2021,3000,Inklusion og Samfundsengagement
299,Viborg Kommune,Etablering af skov til grundvandssikring,Danmark,2021,3000,Inklusion og Samfundsengagement
300,"Scanregn, forfatter Peter Birk Christiansen",Bog om markvandingens historie,Danmark,2021,200,Inklusion og Samfundsengagement
301,Aarhus Internationale Skole,Støtte til Aarhus Internationale Skole,Danmark,2021,3000,Inklusion og Samfundsengagement
302,Danmarks Idrætsforbund (DIF),Veteran Match - sport skaber jobs,Danmark,2021,2750,Inklusion og Samfundsengagement
303,Tænketanken Europa,EU-Afrika relationer: Er det tid til at gentænke Danmarks engagement?,Global,2021,370,Inklusion og Samfundsengagement
304,Dansk Folkehjælp,Juledonation,Danmark,2021,250,Inklusion og Samfundsengagement
305,Frelsens Hær,Juledonation,Danmark,2021,500,Inklusion og Samfundsengagement
306,Mødrehjælpen,Juledonation,Danmark,2021,500,Inklusion og Samfundsengagement
307,Børnehjælpsdagen,Juledonation,Danmark,2021,250,Inklusion og Samfundsengagement
308,Dansk Røde Kors,Juledonation,Danmark,2021,500,Inklusion og Samfundsengagement
309,Kvisten,Behandlingstilbud til voksne med senfølger efter seksuelle overgreb,Danmark,2021,3000,Inklusion og Samfundsengagement
310,Bjerringbro Biograf,Støtte til ny projektor,Danmark,2021,186,Inklusion og Samfundsengagement
311,Bialskopodlaska Ecological Foundation,Tilpasning af klorinfabrik til undervisningsformål,Polen,2022,299,Community Engagement Grants
312,Mølleskolen i Ry,Almas intelligente have,Danmark,2022,952,Community Engagement Grants
313,Water4 Inc.,Udvidelse af vandforsyning i det nordvestlige Ghana,Ghana,2022,647,Community Engagement Grants
314,Rector Cares Foundation,Støtte vand som en forretning i Ochicha,Nigeria,2022,1006,Community Engagement Grants
315,"ADDA, Tanzania",Vand for bedre fødevaresikkerhed i Dodoma,Tanzania,2022,1025,Community Engagement Grants
316,NiiS,Integration gennem job i Aarhus-området,Danmark,2022,425,Community Engagement Grants
317,Aktiv NS,Sommerlejr for forældreløse børn,Serbien,2022,261,Community Engagement Grants
318,Blue Gold Works,Kunstvandingsprojekt til småbønder i Grube,Ghana,2022,373,Community Engagement Grants
319,Red Alert Robotics,"Sponsorat, piger i STEM",USA,2022,66,Community Engagement Grants
320,PIAMERICA S.A.,Forbedret adgang til vand via borgerhuse i Escobar,Argentina,2022,992,Community Engagement Grants
321,Water and Life Philippines,Bæredygtig adgang til vand og sanitet i Cebu,Filippinerne,2022,746,Community Engagement Grants
322,IHE Delft Institute for Water Education,Digital lærebog om membranfiltrering,Holland,2022,205,Community Engagement Grants
323,High5Girls,STEM netværk og camps for piger,Danmark,2022,439,Community Engagement Grants
324,Ability Foundation,Beskæftigelse for dimittender med særlige behov,Indien,2022,153,Community Engagement Grants
325,Bridge for Billions,Støtte til kvindelige iværksættere i WASH,Ghana,2022,724,Community Engagement Grants
326,Fundación Balia,Fritidspas til udsatte børn og unge i Algete,Spanien,2022,112,Community Engagement Grants
327,Juntos,Træningscenter for mennesker med handicap i Bajio,Mexico,2022,481,Community Engagement Grants
328,Eco-pads Africa,Genanvendelige hygiejnebind til skolepiger,Uganda,2022,241,Community Engagement Grants
329,University of South Africa,"Førskole: Bæredygtige bygninger, vand og energiforsyning",Sydafrika,2022,153,Community Engagement Grants
330,"SOSNPO, Save our Schools, SA",Håndvaskestationer på skoler i Cape Town,Sydafrika,2022,254,Community Engagement Grants
331,Green Gold Ghana,Drikkevand til landsbysamfundet Zuo i det nordlige Ghana,Ghana,2022,283,Community Engagement Grants
332,China Guanghua Foundation,Støtte til jobskabelse for minoritetskvinder,Kina,2022,313,Community Engagement Grants
333,ReDI School of Digital Integration Denmark,Digital uddannelse til kvinder med migrant- og flygtningebaggrund,Danmark,2022,744,Community Engagement Grants
334,Tanzania Development Foundation Trust (TDFT),Soldrevet vandsystem i Usinga,Tanzania,2022,679,Community Engagement Grants
335,Ol Pejeta Conservancy,Bæredygtig vandforsyning til nationalpark,Kenya,2022,746,Community Engagement Grants
336,Our Hope Integrated Community Based Organisation,Soldrevet vandsystem i Ung'atani,Kenya,2022,436,Community Engagement Grants
337,Wahana Visi Indonesia,Adgang til vand og hygiejneoplysning i Kuanfatu,Indonesien,2022,946,Community Engagement Grants
338,Afrolynk,Vandadgang i borgerhus i Effiakuma,Ghana,2022,453,Community Engagement Grants
339,Fundación Agua es Vida,Drikkevand til børnehaver i landdistrikter,Chile,2022,157,Community Engagement Grants
340,Club Balonmano Alcobendas,Mental sundhed i Alcobendas håndboldklub,Spanien,2022,393,Community Engagement Grants
341,Action jeunesse feminine du Burkina,Soldrevet vandsystem i Djibo,Burkina Faso,2022,483,Community Engagement Grants
342,Heartur Community Foundation,Vandforsyning og malariaforebyggelse i Biankouri,Togo,2022,444,Community Engagement Grants
343,Habitat for Humanity,Boliger til sårbare familier,Rumænien,2022,187,Community Engagement Grants
344,SOS Children´s Villages Poland,Ukraine støtte: Børn i nød,Polen,2022,373,Community Engagement Grants
345,Polska Akcja Humanitarna,"Ukraine støtte:
Humanitær bistand til flygtninge",Polen,2022,373,Community Engagement Grants
346,Hungarian Interchurch Aid,"Ukraine støtte:
Langsigtede aktiviteter for ofrene for krisen",Ungarn,2022,373,Community Engagement Grants
347,Towarzystwo Przyjaciót Ukrainy (Society of Friends of Ukraine),"Ukraine støtte:
Humanitær bistand til flygtninge",Polen,2022,373,Community Engagement Grants
348,Polish Medical Mission,"Ukraine støtte:
Medicinsk udstyr til hospitaler",Ukraine,2022,373,Community Engagement Grants
349,Magyar Református Szeretetszolgálat,"Ukraine støtte:
Humanitær bistand til flygtninge",Ungarn,2022,373,Community Engagement Grants
350,Stiprūs Kartu,"Ukraine støtte:
Humanitær bistand til flygtninge",Litauen,2022,186,Community Engagement Grants
351,"Carmel centrum, n.o.","Ukraine støtte:
Humanitær bistand til flygtninge",Slovakiet,2022,90,Community Engagement Grants
352,VONESZO Hátrányos Helyzetûeket Segítõ Alapítvány,"Ukraine støtte:
Humanitær bistand til flygtninge",Ungarn,2022,373,Community Engagement Grants
353,"St Joseph Parish, Békásmegyer Ófalu","Ukraine støtte:
Humanitær bistand til flygtninge",Ungarn,2022,45,Community Engagement Grants
354,Water Mission,"Ukraine støtte:
Humanitær bistand til flygtninge",Rumænien,2022,373,Community Engagement Grants
355,Polish Center for International Aid,"Ukraine støtte:
Humanitær bistand til flygtninge",Polen,2022,187,Community Engagement Grants
356,Fejér County Branch of the Hungarian Red Cross,"Ukraine støtte:
Humanitær bistand til flygtninge",Ungarn,2022,37,Community Engagement Grants
357,Helping Wing,"Ukraine støtte:
Humanitær bistand til krigsofre",Ukraine,2022,75,Community Engagement Grants
358,Royal Rangers Stamm 343 Pfaffenhofen/Holledau,"Ukraine støtte:
Humanitær bistand til krigsofre",Ukraine,2022,19,Community Engagement Grants
359,Charita Olomouc,"Ukraine støtte:
Humanitær bistand til flygtninge",Tjekkiet,2022,75,Community Engagement Grants
360,Ukraine-Denmark Humanitarians,"Ukraine støtte:
Humanitær bistand til krigsofre",Ukraine,2022,186,Community Engagement Grants
361,Habitat for Humanity,"Ukraine støtte:
Humanitær bistand til flygtninge",Rumænien,2022,75,Community Engagement Grants
362,PlanBørnefonden,"Ukraine støtte:
Humanitær bistand til krigsofre",Ukraine,2022,1000,Community Engagement Grants
363,"Københavns Universitet, Institut for Naturfagenes Didaktik","GATE: Gender Aware Teaching
for Equity in Science and Engineering",Danmark,2022,8811,Forskning og Læring
364,Odense Robotics Startup Foundation,Etablering af Odense Robotics Startup Foundation,Danmark,2022,1840,Forskning og Læring
365,"Aalborg Universitet, Institut for Materialer og Produktion",Advanced Laser Processing with Tailored Beams,Danmark,2022,2750,Forskning og Læring
366,Danmarks Matematiklærerforening,"Matematikkens Dag 2022
- Matematik og Videnskab",Danmark,2022,807,Forskning og Læring
367,Young Water Professionals Denmark,Boggave til unge deltagere i IWA kongres,Danmark,2022,187,Forskning og Læring
368,"Aalborg Universitet,
Institut for Kemi og Biovidenskab",Microflora Danica III,Danmark,2022,6000,Forskning og Læring
369,Naturvidenskabernes Hus,Tillidsbaseret donation,Danmark,2022,5000,Forskning og Læring
370,Flere universiteter og WaterITech ApS,Lake Stewardship II,Danmark,2022,20000,Forskning og Læring
371,Skills by Innovation Lab,"Next Generation - kids, play and tech",Danmark,2022,760,Forskning og Læring
372,ASTRA,Unge Forskere og Big Bang 2023,Danmark,2022,1000,Forskning og Læring
373,Socialt Udviklingscenter SUS,Kollektive Ungebudgetter,Danmark,2022,5848,Inklusion og Samfundsengagement
374,Dansk Røde Kors,Styrkelse af løsladtes forudsætninger for et godt liv uden kriminalitet,Danmark,2022,7500,Inklusion og Samfundsengagement
375,Viborg International School,Støtte til Viborg International School,Danmark,2022,1500,Inklusion og Samfundsengagement
376,Ejendomsfonden Aarhus International School,Støtte til Aarhus International School,Danmark,2022,7000,Inklusion og Samfundsengagement
377,Hej Fonden,Bygge fællesskaber i håndbold for inklusion for alle,Danmark,2022,3000,Inklusion og Samfundsengagement
378,Boligselskabet Viborg,Job i almene boligområder,Danmark,2022,2913,Inklusion og Samfundsengagement
379,Foreningen for etablering af Hospice Viborg,Forprojekt for Hospice Viborg,Danmark,2022,45,Inklusion og Samfundsengagement
380,Foreningen Demokratifronten,Det politiske akademy,Danmark,2022,200,Inklusion og Samfundsengagement
381,Mødrehjælpen,Juledonation,Danmark,2022,1200,Inklusion og Samfundsengagement
382,Dansk Røde Kors,Juledonation,Danmark,2022,1200,Inklusion og Samfundsengagement
383,Dansk Folkehjælp,Juledonation,Danmark,2022,500,Inklusion og Samfundsengagement
384,Børnehjælpsdagen,Juledonation,Danmark,2022,100,Inklusion og Samfundsengagement
385,Børns Vilkår,Skalering af Børns Vilkår i Aarhus,Danmark,2022,2000,Inklusion og Samfundsengagement
386,Danmarks Idrætsforbund,Veteran Match - Sport skaber beskæftigelse,Danmark,2022,2500,Inklusion og Samfundsengagement
387,Dansk Flygtningehjælp,Ukraine støtte:  Flygtningehjælp,Ukraine,2022,5000,Inklusion og Samfundsengagement
388,Læger uden grænser,Ukraine støtte: Medicin og lægehjælp,Ukraine,2022,5000,Inklusion og Samfundsengagement
389,Danmarks Idrætsforbund,"Ukraine støtte: Get2sport
- Flygtningebørn til sport",Danmark,2022,5000,Inklusion og Samfundsengagement
390,Erhvervsministeriet,Ukraine støtte: Humanitær donation af entreprenørmaskiner,Ukraine,2022,5000,Inklusion og Samfundsengagement
391,Jysk landsbyudvikling,Water2Nepal - via danske vandløsninger og internationalt samarbejde,Nepal,2022,6992,Vand og bæredygtig udvikling
392,UNHCR,Sikre grøn vandforsyning i flygtningelejre,Global,2022,32516,Vand og bæredygtig udvikling
393,C40 Cities,Water Safe Cities II,Global,2022,11687,Vand og bæredygtig udvikling
394,Sunlit Future,Drikkekvand til fjerntliggende landsbyer i Indien fase 6,Indien,2022,4512,Vand og bæredygtig udvikling
395,PlanBørnefonden,SunWash flygtningesamfund i Gambella,Etiopien,2022,2874,Vand og bæredygtig udvikling
396,Sunlit Future,Genbesøg af tidligere drikkevandsprojekter i Indien,Indien,2022,996,Vand og bæredygtig udvikling
397,Den Danske UNICEF Fond,Vandforsyning til fjerntliggende flygtningssamfund i det vestlige Tanzania,Tanzania,2022,15741,Vand og bæredygtig udvikling
398,Oxfam,Bæredygtig vandforsyning og udvikling af alternativ management model,Nepal,2022,4906,Vand og bæredygtig udvikling
399,Global Water Center,Certificering af vanduddannelse,Ghana,2022,3231,Vand og bæredygtig udvikling
400,Water Mission,Tillidsbaseret donation,Global,2022,5000,Vand og bæredygtig udvikling
401,Water Mission,Vandforsyning til flygtningesamfund i Tukarna,Kenya,2022,10550,Vand og bæredygtig udvikling
402,Human Needs Project,Støtte til drift af Kibera Town Center,Kenya,2022,860,Vand og bæredygtig udvikling
403,Energy 4 Impact,Test af pumpe til markvanding,Tanzania,2022,24,Vand og bæredygtig udvikling
404,Sunlit Future,Drikkevandsforsyning til landsbyer i Maharashtra,Indien,2022,1488,Vand og bæredygtig udvikling
405,PlanBørnefonden,Genbesøg af vandinstallationer i Togo,Togo,2022,6091,Vand og bæredygtig udvikling
406,Mount Mulanje Biosphere Reserve,Forprojekt for kortlægning af vandmulighed ved Mount Mulanje,Malawi,2022,255,Vand og bæredygtig udvikling
407,Oxfam,Støtte til oversvømmelse i Pakistan,Pakistan,2022,1000,Vand og bæredygtig udvikling
408,Stockholm International Water Institute,World Water Week 2023 Communication Accelerator,Global,2022,1400,Vand og bæredygtig udvikling
409,Water Mission,Kortlægning af grundvandsressourcer i Dolo Addo-regionen,Etiopien,2022,1000,Vand og bæredygtig udvikling
410,Human Needs Project,Preprojekt til skalering af Kibera Town Center,Kenya,2022,500,Vand og bæredygtig udvikling
411,16 Grundfos-ansatte,2022 Grundfos People Awards,Global,2022,597,priser
412,Swabodhini School for Children with Special Needs,"2022 Grundfos
Community Engagement Award",Indien,2022,149,priser
413,"Danmarks Tekniske Universitet, Institut for Kemiteknik","Grundfosprisen 2022
- forskningsmidler",Danmark,2022,750,priser
414,Professor Anne Ladegaard Skov,"Grundfosprisen 2022
- personlig anerkendelse",Danmark,2022,250,priser
415,3 studerende,Grundfosprisen 2022 - studenterpriser,Danmark,2022,75,priser
416,"Aarhus Universitet, Institut for Bio- og Kemiteknologi",Grundfosprisen 2023 – forskningsmidler,Danmark,2023,750,priser
417,Lektor Patrick Biller,Grundfosprisen 2023 – personlig anerkendelse,Danmark,2023,250,priser
418,3 studerende,Grundfosprisen 2023 – studenterpriser,Global,2023,75,priser
419,25 Grundfos-ansatte,2023 Grundfos People Awards,Global,2023,673,priser
420,Turning Point Educational Trust,2023 Grundfos Community Engagement Award,Indien,2023,150,priser
421,China Guanghua Foundation,Vandforsyning til tibetansk landsby,Kina,2023,471,Community Engagement
422,Netspring Limited,Studietur og støtte til underbemidlede studerende,Kina,2023,561,Community Engagement
423,The Good Shepherd Love Foundation,Sikker sanitet til landsbyen Otoase,Ghana,2023,394,Community Engagement
424,Aktiv NS,Sportssommerlejr for forældreløse børn,Serbien,2023,299,Community Engagement
425,Rector Cares Foundation,Vand- og uddannelsesfaciliteter i Opi,Nigeria,2023,737,Community Engagement
426,SADE: The Sustainability Steps Association,Ansvarlige Ingeniører for Bæredygtighed,Tyrkiet,2023,316,Community Engagement
427,SA.LA.MA (Santé par la Langue Maternelle),Uddannelsesstøtte i Fotokol,Cameroun,2023,313,Community Engagement
428,We Make Change Global Limited,Virtuel frivillighed,Global,2023,79,Community Engagement
429,Poured Out Inc.,Soldrevne vanddistributionscentre,Haiti,2023,747,Community Engagement
430,Tahanan ng Pagmamahal Children’s Home Inc.,Støtte til børnehjem,Filippinerne,2023,19,Community Engagement
431,Towarzystwo Przyjaciot Ukrainy,Mobilt uddannelseslaboratorium,Polen,2023,576,Community Engagement
432,Red Alert Robotics,Støtte til deltagelse i robotkonkurrence 2023-2024,USA,2023,70,Community Engagement
433,Proyecto Agua Segura,Adgang til rent drikkevand,Argentina,2023,859,Community Engagement
434,Water and Life Philippines,Styrkelse af udsatte lokalsamfund gennem WASH,Filippinerne,2023,896,Community Engagement
435,Niis: Ny Integration i Samfundet,Integration via jobs i Midtjylland,Danmark,2023,652,Community Engagement
436,"Faculty of Engineering Systems and Ecology, Kyiv National University of Construction and Architecture",Finansiel støtte til ukrainske studerende,Ukraine,2023,162,Community Engagement
437,Hanse Obst e.V. Lübeck,Etablering af frugtplantage,Tyskland,2023,150,Community Engagement
438,Build CDC,Familiestøtte i Selma,USA,2023,703,Community Engagement
439,57357,Støtte til 57375 Hospital,Egypten,2023,22,Community Engagement
440,HOPin Academy,Soldrevne landbrug for kvinder,Ghana,2023,436,Community Engagement
441,Action Jeunesse Féminine du Burkina Faso,Center til forebyggelse af barnebrude,Burkina Faso,2023,662,Community Engagement
442,Optimal Greening Foundation,Vand- og sanitetsprojekt i Agala,Nigeria,2023,116,Community Engagement
443,ADDA,Vand for bedre fødevaresikkerhed i Dodoma,Tanzania,2023,58,Community Engagement
444,Water Mission,Interaktiv vandudstilling,USA,2023,392,Community Engagement
445,Habitat for Humanity Romania,Boliger til sårbare familier,Rumænien,2023,224,Community Engagement
446,Fundación Balia,Social støtte til unge,Spanien,2023,188,Community Engagement
447,Alcobendas Handball Club,Program for mental sundhed,Spanien,2023,417,Community Engagement
448,Plan International Ethiopia,Train-the-trainer program i Addis Ababa,Etiopien,2023,1025,Community Engagement
449,Million Trees Foundation Inc.,Genopretning af vandskel,Filippinerne,2023,177,Community Engagement
450,"Človek v ohrození, n.o.",Jeden Svet (One World) festival for menneskerettigheder,Slovakiet,2023,75,Community Engagement
451,Agua Por La Vida Foundation,Vandtårne på 3 agro-industrielle skoler,Colombia,2023,499,Community Engagement
452,Jeslu Puro Water,Adgang til sikkert og rent drikkevand i skoler i Limpopo og Gauteng,Sydafrika,2023,590,Community Engagement
453,Water For People,Etablering af kunstige vådområder i Reque,Peru,2023,735,Community Engagement
454,Yison Tech Hub,IT og uddannelseshjælp til skoler for forældreløse børn,Ghana,2023,434,Community Engagement
455,Amulen Foundation,Genbrug af spildevand på landsbyskoler i Chile,Chile,2023,189,Community Engagement
456,High5Girls,Kvindelige STEM-rollemodeller og -camps,Danmark,2023,226,Community Engagement
457,Fundación Club Universitario de Buenos Aires,Familieuddannelse: fysisk aktivitet og træning,Argentina,2023,209,Community Engagement
458,McKenzie Robotics,Støtte til robottræningsbane,USA,2023,187,Community Engagement
459,ACE Charity,Vand og sanitet til ACE Radio School- læringscentre,Nigeria,2023,924,Community Engagement
460,Amulen Foundation,Regnvandsløsning til chilenske skoler,Chile,2023,172,Community Engagement
461,Young Water Professionals Denmark,Young Water Professionals europæisk konference 2024,Danmark,2023,298,Community Engagement
462,Agua Segura,Adgang til rent vand,Colombia,2023,615,Community Engagement
463,Agua Segura,Adgang til rent vand,Peru,2023,556,Community Engagement
464,Shanghai Hezhong Young Volunteers Service Centre,WASH-projekt i Jinping,Kina,2023,410,Community Engagement
465,Aktiv NS,Sportssommerlejre i 2024 og 2025,Serbien,2023,671,Community Engagement
466,Fuyuan Red Cross Society,Rensning af flod ved landsbyen Hongqi,Kina,2023,514,Community Engagement
467,Action Jeunesse Feminine du Burkina Faso,Iværksætterundervisning for 300 unge piger og enker,Burkina Faso,2023,733,Community Engagement
468,Strandstädarna,Affaldsindsamling på strande i Bohuslän,Sverige,2023,89,Community Engagement
469,Roland Eötvös Physics Society,Støtte til fysikturnering for unge i Budapest,Ungarn,2023,186,Community Engagement
470,The Sustainability Steps Association,Bæredygtige ingeniørfokus,Tyrkiet,2023,302,Community Engagement
471,Netspring Limited,Undervisningsstøtte til ældre med handicap,Kina,2023,470,Community Engagement
472,Watergate CommunityLink,Vandprojekt i Migilango,Tanzania,2023,736,Community Engagement
473,Støtteforeningen #11påryggen,Forbedret livskvalitet for langtidsindlagte børn,Danmark,2023,157,Community Engagement
474,Naturvidenskabernes Hus,STEM-inspiration for børn og unge,Danmark,2023,1000,Forskning og Læring    
475,Bjerringbro Gymnasium,BeScience naturvidenskabelig studieretning fase 2,Danmark,2023,439,Forskning og Læring    
476,Akademiet for de Tekniske Videnskaber,Guide til et resilient Danmark,Danmark,2023,4500,Forskning og Læring    
477,"Flere universiteter, Naturvidenskabernes Hus og WaterITech ApS",Lake Stewardship III,Danmark,2023,7150,Forskning og Læring    
478,"Aalborg Universitet, flere institutter",REPAI: Ansvarlig og værdiskabende AI,Danmark,2023,24000,Forskning og Læring    
479,DTU Construct,CRED: Center for klimarobust elektronikdesign,Danmark,2023,19444,Forskning og Læring    
480,ASTRA – det nationale naturfagscenter,ASTRA-aktiviteter 2024-25,Danmark,2023,7500,Forskning og Læring    
481,VIA University College,Digital World Water Camp 2024,Danmark,2023,297,Forskning og Læring    
482,Aarhus Maskinmesterskole,Akustiske forbedringer til Viborg Maskinmesterskole,Danmark,2023,127,Forskning og Læring    
483,Water Valley Denmark,Kortlægning af vandrelateret forskning i Danmark,Danmark,2023,750,Forskning og Læring    
484,Verdens Bedste Nyheder,Uddannelse for Bæredygtig Udvikling,Danmark,2023,250,Forskning og Læring
485,"Syddansk Universitet, Biologisk Institut ",rePair sedimentfjernelse ,Danmark,2023,2600,Forskning og Læring
486,DGI,Foreningsliv for alle vol. 2,Danmark,2023,2000,Inklusion og Samfundsengagement      
487,Hej Fonden,Kommunikationsstøtte,Danmark,2023,350,Inklusion og Samfundsengagement      
488,Røde Kors,Alle vores børn,Danmark,2023,1000,Inklusion og Samfundsengagement      
489,Røde Kors,Juledonation,Danmark,2023,1600,Inklusion og Samfundsengagement      
490,Mødrehjælpen,Juledonation,Danmark,2023,1600,Inklusion og Samfundsengagement      
491,Dansk Folkehjælp,Juledonation,Danmark,2023,500,Inklusion og Samfundsengagement      
492,Børnehjælpsdagen,Juledonation,Danmark,2023,300,Inklusion og Samfundsengagement      
493,Bjerringbro Byforum,MC Trial aktiviteter for unge i Bjerringbro,Danmark,2023,350,Inklusion og Samfundsengagement      
494,Eksportforeningen,Danish Export Academy,Danmark,2023,2000,Inklusion og Samfundsengagement      
495,Danmarks Idrætsforbund,Startblokken – Idrætten skaber livsbaner,Danmark,2023,26000,Inklusion og Samfundsengagement      
496,"Woodys Cafe, Bjerringbro ApS",Woodys by Grundfos: socialøkonomisk kaffebar,Danmark,2023,1655,Inklusion og Samfundsengagement      
497,Confit ApS,While we bleed: Fotobog om krigen i Ukraine,Danmark,2023,100,Inklusion og Samfundsengagement      
498,ZITE A/S,The soul of democracy: Bog for unge,Danmark,2023,70,Inklusion og Samfundsengagement      
499,Den Sociale Investeringsfond,Social effektinvestering i relationel velfærd,Danmark,2023,2595,Inklusion og Samfundsengagement      
500,FANT – For A New Tomorrow,Girls Saturday,Sierra Leone,2023,2000,Inklusion og Samfundsengagement      
501,Viborg Kommune,Åpromenaden i Bjerringbro,Danmark,2023,2000,Inklusion og Samfundsengagement      
502,"Aarhus Universitetshospital, Nerveskadeklinikken",Forskning i kroniske smerter efter kirurgi,Danmark,2023,2100,Inklusion og Samfundsengagement      
503,Foreningen for etablering af Hospice Viborg,Støtte til etablering af hospice i Viborg,Danmark,2023,1000,Inklusion og Samfundsengagement      
504,Energimuseet,Støtte til Energimuseet,Danmark,2023,1000,Inklusion og Samfundsengagement      
505,Frau Film,Scooter Boys: Dokumentarserie til DR Ultra,Danmark,2023,300,Inklusion og Samfundsengagement      
506,Den Sociale Retshjælps Fond,Social retshjælp til udsatte,Danmark,2023,1500,Inklusion og Samfundsengagement      
507,Jysk Landsbyudvikling,Water2Nepal – danske vandløsninger og interna- tionalt samarbejde,Nepal,2023,710,Vand og Bæredygtig Udvikling  
508,Den Internationale Røde Kors Komité,Nødhjælp efter jordskælv i Syrien/Tyrkiet,"Tyrkiet, Syrien",2023,1000,Vand og Bæredygtig Udvikling  
509,Dansk Flygtningehjælp,Nødhjælp efter jordskælv i Syrien/Tyrkiet,"Tyrkiet, Syrien",2023,1000,Vand og Bæredygtig Udvikling  
510,Røde Kors,Nødhjælp efter jordskælv i Syrien/Tyrkiet,"Tyrkiet, Syrien",2023,1000,Vand og Bæredygtig Udvikling  
511,PlanBørnefonden,Forskning og læring af tidligere vand- og sanitetsprojekter,Togo,2023,872,Vand og Bæredygtig Udvikling  
512,Ahbap,Nødhjælp efter jordskælv i Syrien/Tyrkiet,Tyrkiet,2023,1000,Vand og Bæredygtig Udvikling  
513,PlanBørnefonden,SunWASH: forprojekt for vandprojekter i flygtningesamfund,Etiopien,2023,4689,Vand og Bæredygtig Udvikling  
514,Sunlit Future,"Vandprojekter i Odisha, Telangana, Andhra Pradesh, West Bengal og Tamil Nadu",Indien,2023,4530,Vand og Bæredygtig Udvikling  
515,Sunlit Future,Vandprojekter i Maharashtra,Indien,2023,1562,Vand og Bæredygtig Udvikling  
516,Oxfam,Sidste fase af Nepal-engagement,Nepal,2023,5000,Vand og Bæredygtig Udvikling  
517,NRC – Flyktninghjelpen,Bæredygtige vandprojekter,Nigeria,2023,362,Vand og Bæredygtig Udvikling  
518,Practical Action,Bæredygtig vandforsyning i tørre og regnfattige områder,Kenya,2023,1346,Vand og Bæredygtig Udvikling  
519,Den Danske UNICEF Fond,Treårig nødhjælpspulje,Global,2023,5000,Vand og Bæredygtig Udvikling  
520,Den Internationale Røde Kors Komité,Faciliteter til vand- og energiundervisning,Global,2023,1350,Vand og Bæredygtig Udvikling  
521,PlanBørnefonden,"SunWASH: vandprojekter i flygtningesamfund, fase II",Etiopien,2023,10706,Vand og Bæredygtig Udvikling  
522,Hand in Hand India,Forbedret adgang til vand i Thazhambedu,Indien,2023,200,Vand og Bæredygtig Udvikling  
523,Human Needs Project,Reparation og teknisk support vedrørende vandsystem,Kenya,2023,300,Vand og Bæredygtig Udvikling  
524,IRC International Rescue Committee,"TeachWell: vand, sanitet og hygiejne for bedre uddannelse",Kenya,2023,14082,Vand og Bæredygtig Udvikling  
525,"UNHCR, FN’s Flygtningeorganisation",Vand- og helbredsfremmende aktiviteter i flygtningssamfund,Kenya,2023,13980,Vand og Bæredygtig Udvikling  
526,PlanBørnefonden,Genbesøg og reparation af vandinstallationer,Togo,2023,400,Vand og Bæredygtig Udvikling  
527,Stockholm International Water Institute (SIWI),World Water Week – Water in Communications 2024,Global,2023,1600,Vand og Bæredygtig Udvikling  
528,Det Østasiatiske Kompagnis Almennyttige Fond,Fremme af samarbejde mellem nordiske og asiatiske fonde,Global,2023,500,Vand og Bæredygtig Udvikling  
529,Den Danske UNICEF Fond,Uddannelse og WASH for udsatte befolknings- grupper i Benishangul-Gumuz,Etiopien,2023,10000,Vand og Bæredygtig Udvikling  
530,PlanBørnefonden,Klimasikret WASH,Kenya,2023,15000,Vand og Bæredygtig Udvikling  
531,Den danske ambassade i Kenya,Projektkoordinator til Kenya-alliancen,Kenya,2023,3000,Vand og Bæredygtig Udvikling  
532,Dansk Flygtningehjælp,"Klimasikret vand, sanitet og hygiejne",Kenya,2023,15000,Vand og Bæredygtig Udvikling  
