,Receiver_info,Receiver_info,Receiver_info,Receiver_info,Receiver_info,Receiver_info,Receiver_info,Amount_DKK,Year_K,Foundation,Project_info,Project_info,Project_info,Project_info
,Receiver_core,Receiver_core,Receiver_core,Receiver_core,Receiver_core,Rec_Geography,Rec_Geography,G_Size,Year_grant,F_name,Project_info2,Project_info2,Category_info,Category_info
,Receiver,Receiver Profession,Receiver Name,Receiver + Title,Institution,Country,Region,Grant size (DKK),Year,Foundation_name,Description,Title,Project Category,Project Subcategory
660,Sygdomsforskning i alt (87 bevillinger),#NA,#NA,#NA,#NA,#NA,#NA,17969135,2016,AUGUSTINUS,nan,#NA,Skoler og universiteter,Viden og Uddannelse
3044,nan,#NA,#NA,#NA,#NA,#NA,#NA,nan,2020,AUGUSTINUS,i den Nye Salmebog.,#NA,Koncerter,Kunst og Kultur
3059,nan,#NA,#NA,#NA,#NA,#NA,#NA,nan,2020,AUGUSTINUS,samt at udvide kendskabet til klassisk musik i nye samfundslag.,#NA,Koncerter,Kunst og Kultur
3116,Festival,#NA,#NA,#NA,#NA,#NA,#NA,nan,2020,AUGUSTINUS,nan,#NA,Koncerter,Kunst og Kultur
3159,nan,#NA,#NA,#NA,#NA,#NA,#NA,nan,2020,AUGUSTINUS,Lindholm.,#NA,Koncerter,Kunst og Kultur
3190,nan,#NA,#NA,#NA,#NA,#NA,#NA,nan,2020,AUGUSTINUS,fortrinsvis benyttes til at aflønne professionelle solister og orkestermusikere.,#NA,Koncerter,Kunst og Kultur
3245,nan,#NA,#NA,#NA,#NA,#NA,#NA,nan,2020,AUGUSTINUS,barokstrygeensemble.,#NA,Koncerter,Kunst og Kultur
3447,nan,#NA,#NA,#NA,#NA,#NA,#NA,nan,2020,AUGUSTINUS,sommeren 2021.,#NA,"Musikdramatik, opera",Kunst og Kultur
3516,nan,#NA,#NA,#NA,#NA,#NA,#NA,nan,2020,AUGUSTINUS,og humanistiske fagområder og udgør således en tværfaglig samtale.,#NA,Litteratur,Kunst og Kultur
3596,nan,#NA,#NA,#NA,#NA,#NA,#NA,nan,2020,AUGUSTINUS,Primer.,#NA,Kunstudstillinger og design,Kunst og Kultur
3611,nan,#NA,#NA,#NA,#NA,#NA,#NA,nan,2020,AUGUSTINUS,november til 6. december 2020.,#NA,Kunstudstillinger og design,Kunst og Kultur
3652,nan,#NA,#NA,#NA,#NA,#NA,#NA,nan,2020,AUGUSTINUS,fotografiet ' i 2021.,#NA,Museer og kulturarv,Kunst og Kultur
3681,nan,#NA,#NA,#NA,#NA,#NA,#NA,nan,2020,AUGUSTINUS,som formidler digitalt til museets brugere.,#NA,Museer og kulturarv,Kunst og Kultur
3811,nan,#NA,#NA,#NA,#NA,#NA,#NA,nan,2020,AUGUSTINUS,Krisecenter.,#NA,Sociale formål,Sociale Indsatser
3826,nan,#NA,#NA,#NA,#NA,#NA,#NA,nan,2020,AUGUSTINUS,Danmark samt fastholdelse af det frivillige engagement.,#NA,Sociale formål,Sociale Indsatser
4166,nan,#NA,#NA,#NA,#NA,#NA,#NA,nan,2021,AUGUSTINUS,koncerter: Aarhus d.14 januar 2022 og Kolding d.15 januar 2022.,#NA,Koncerter,Kunst og Kultur
4698,Modtager navn,#NA,#NA,#NA,#NA,#NA,#NA,Bevilget beløb,nan,AUGUSTINUS,Beskrivelse,#NA,nan,nan
5539,Støttemodtager,#NA,#NA,#NA,#NA,#NA,#NA,Bevilget beløb,Årstal,AUGUSTINUS,Titel på projekt,#NA,nan,Kategori
15547,nan,#NA,#NA,#NA,#NA,#NA,#NA,373575,2005,VILLUM,#NA,Hædersgave for praktisk forståelse af dagslysets værdi og betydning ved industrielt fremstillede bygningskomponenter ,#NA,#NA
15548,nan,#NA,#NA,#NA,#NA,#NA,#NA,373575,2005,VILLUM,#NA,Hædersgave for praktisk forståelse af dagslysets værdi og betydning ved industrielt fremstillede bygningskomponenter ,#NA,#NA
15665,nan,#NA,#NA,#NA,#NA,#NA,#NA,250000,2000,VILLUM,#NA,Hædersgave vedr. dagslysets værdi og betydning Udvikling af industrielt fremstillede bygnings- komponenter ,#NA,#NA
15769,nan,#NA,#NA,#NA,#NA,#NA,#NA,100000,1991,VILLUM,#NA,Hædersgave ,#NA,#NA
15796,nan,#NA,#NA,#NA,#NA,#NA,#NA,6000,1984,VILLUM,#NA,Ophold på Refugiet Løgumkloster ,#NA,#NA
15798,nan,#NA,#NA,#NA,#NA,#NA,#NA,25000,1984,VILLUM,#NA,Rejselegat ,#NA,#NA
15799,nan,#NA,#NA,#NA,#NA,#NA,#NA,8000,1982,VILLUM,#NA,Studierejse til Israel ,#NA,#NA
15800,nan,#NA,#NA,#NA,#NA,#NA,#NA,30000,1982,VILLUM,#NA,Bogudgivelse: Vandmøller i Gl. Skanderborg Amt ,#NA,#NA
15801,nan,#NA,#NA,#NA,#NA,#NA,#NA,5000,1982,VILLUM,#NA,Strikkegarn ,#NA,#NA
15802,nan,#NA,#NA,#NA,#NA,#NA,#NA,7500,1982,VILLUM,#NA,Studierejse ,#NA,#NA
15803,nan,#NA,#NA,#NA,#NA,#NA,#NA,6000,1982,VILLUM,#NA,Hædersgave ,#NA,#NA
15804,nan,#NA,#NA,#NA,#NA,#NA,#NA,5235,1982,VILLUM,#NA,Ophold på Refugiet Fuglsang ,#NA,#NA
15805,nan,#NA,#NA,#NA,#NA,#NA,#NA,58000,1982,VILLUM,#NA,Bogudgivelse: Relativitet og gravitation ,#NA,#NA
15807,nan,#NA,#NA,#NA,#NA,#NA,#NA,6000,1981,VILLUM,#NA,Hædersgave ,#NA,#NA
15808,nan,#NA,#NA,#NA,#NA,#NA,#NA,6000,1981,VILLUM,#NA,Hædersgave ,#NA,#NA
15809,nan,#NA,#NA,#NA,#NA,#NA,#NA,6000,1981,VILLUM,#NA,Fotoarbejder i forbindelse med et bogprojekt ,#NA,#NA
15810,nan,#NA,#NA,#NA,#NA,#NA,#NA,35000,1981,VILLUM,#NA,Bogudgivelse: Doktoren kom ,#NA,#NA
15811,nan,#NA,#NA,#NA,#NA,#NA,#NA,10000,1981,VILLUM,#NA,Bogudgivelse: Huse og vand ,#NA,#NA
15812,nan,#NA,#NA,#NA,#NA,#NA,#NA,30000,1981,VILLUM,#NA,Bogudgivelse: Nikolai Laurentius Feilbergs levnedsløb og kredsen om ham ,#NA,#NA
15813,nan,#NA,#NA,#NA,#NA,#NA,#NA,6000,1981,VILLUM,#NA,Hædersgave ,#NA,#NA
15814,nan,#NA,#NA,#NA,#NA,#NA,#NA,6000,1981,VILLUM,#NA,Hædersgave ,#NA,#NA
15815,nan,#NA,#NA,#NA,#NA,#NA,#NA,6000,1981,VILLUM,#NA,Hædersgave ,#NA,#NA
15816,nan,#NA,#NA,#NA,#NA,#NA,#NA,6000,1981,VILLUM,#NA,Studierejse ,#NA,#NA
15817,nan,#NA,#NA,#NA,#NA,#NA,#NA,35000,1981,VILLUM,#NA,Bogudgivelse: Prinsens Livregiments fanehistorie ,#NA,#NA
15818,nan,#NA,#NA,#NA,#NA,#NA,#NA,6000,1981,VILLUM,#NA,Hædersgave ,#NA,#NA
15819,nan,#NA,#NA,#NA,#NA,#NA,#NA,15000,1981,VILLUM,#NA,Bogudgivelse: Bispen og betleren ,#NA,#NA
15820,nan,#NA,#NA,#NA,#NA,#NA,#NA,7500,1981,VILLUM,#NA,Ophold på Refugiet Fuglsang ,#NA,#NA
15821,nan,#NA,#NA,#NA,#NA,#NA,#NA,100000,1981,VILLUM,#NA,Bygning af en modelmølle ,#NA,#NA
15822,nan,#NA,#NA,#NA,#NA,#NA,#NA,30000,1981,VILLUM,#NA,Bogudgivelse: Gårde og slægter i Løjt Sogn ,#NA,#NA
15823,nan,#NA,#NA,#NA,#NA,#NA,#NA,6000,1981,VILLUM,#NA,Hædersgave ,#NA,#NA
15824,nan,#NA,#NA,#NA,#NA,#NA,#NA,6000,1981,VILLUM,#NA,Hædersgave ,#NA,#NA
15825,nan,#NA,#NA,#NA,#NA,#NA,#NA,10000,1981,VILLUM,#NA,Bogudgivelse: Arkitekten Anton Rosens arbejder ,#NA,#NA
15826,nan,#NA,#NA,#NA,#NA,#NA,#NA,5713,1981,VILLUM,#NA,Bogudgivelse: En søgende sjæl ,#NA,#NA
15828,nan,#NA,#NA,#NA,#NA,#NA,#NA,2995,1981,VILLUM,#NA,Rekreationsophold ,#NA,#NA
15829,nan,#NA,#NA,#NA,#NA,#NA,#NA,6000,1981,VILLUM,#NA,Hædersgave ,#NA,#NA
15831,nan,#NA,#NA,#NA,#NA,#NA,#NA,6000,1981,VILLUM,#NA,Hædersgave ,#NA,#NA
15832,nan,#NA,#NA,#NA,#NA,#NA,#NA,100000,1981,VILLUM,#NA,Film om forskeren Carsten Niebuhr ,#NA,#NA
15833,nan,#NA,#NA,#NA,#NA,#NA,#NA,15000,1981,VILLUM,#NA,Studierejse ,#NA,#NA
15835,nan,#NA,#NA,#NA,#NA,#NA,#NA,6000,1981,VILLUM,#NA,Hædersgave ,#NA,#NA
15836,nan,#NA,#NA,#NA,#NA,#NA,#NA,4000,1981,VILLUM,#NA,Studieophold ,#NA,#NA
15838,nan,#NA,#NA,#NA,#NA,#NA,#NA,6000,1980,VILLUM,#NA,Hædersgave ,#NA,#NA
15839,nan,#NA,#NA,#NA,#NA,#NA,#NA,6000,1980,VILLUM,#NA,Trykning af en artikel ,#NA,#NA
15840,nan,#NA,#NA,#NA,#NA,#NA,#NA,12500,1980,VILLUM,#NA,Dagslys - og bygningskomponentpris - Treenighedskirken i Esbjerg ,#NA,#NA
15841,nan,#NA,#NA,#NA,#NA,#NA,#NA,25000,1980,VILLUM,#NA,Dagslys - og bygningskomponentpris - Treenighedskirken i Esbjerg ,#NA,#NA
15843,nan,#NA,#NA,#NA,#NA,#NA,#NA,65000,1980,VILLUM,#NA,Bogudgivelse: Stettinergods - en pommersk kulturarv ,#NA,#NA
15844,nan,#NA,#NA,#NA,#NA,#NA,#NA,20000,1980,VILLUM,#NA,Bogudgivelse: Otonivm - Odense 1593 ,#NA,#NA
15845,nan,#NA,#NA,#NA,#NA,#NA,#NA,6000,1980,VILLUM,#NA,Hædersgave ,#NA,#NA
15846,nan,#NA,#NA,#NA,#NA,#NA,#NA,6000,1980,VILLUM,#NA,Hædersgave ,#NA,#NA
15847,nan,#NA,#NA,#NA,#NA,#NA,#NA,15000,1980,VILLUM,#NA,Bogudgivelse: Abildgaarden - et livsværk ,#NA,#NA
15848,nan,#NA,#NA,#NA,#NA,#NA,#NA,80000,1980,VILLUM,#NA,"Bogudgivelse: Tingbogekstrakter fra Thy, Bind 1 og 2 ",#NA,#NA
15849,nan,#NA,#NA,#NA,#NA,#NA,#NA,6000,1980,VILLUM,#NA,Hædersgave ,#NA,#NA
15850,nan,#NA,#NA,#NA,#NA,#NA,#NA,6000,1980,VILLUM,#NA,Hædersgave ,#NA,#NA
15851,nan,#NA,#NA,#NA,#NA,#NA,#NA,6000,1980,VILLUM,#NA,Hædersgave ,#NA,#NA
15852,nan,#NA,#NA,#NA,#NA,#NA,#NA,6000,1980,VILLUM,#NA,Hædersgave ,#NA,#NA
15853,nan,#NA,#NA,#NA,#NA,#NA,#NA,6000,1980,VILLUM,#NA,Hædersgave ,#NA,#NA
15854,nan,#NA,#NA,#NA,#NA,#NA,#NA,6000,1980,VILLUM,#NA,Hædersgave ,#NA,#NA
15855,nan,#NA,#NA,#NA,#NA,#NA,#NA,18000,1980,VILLUM,#NA,Rejselegat ,#NA,#NA
15856,nan,#NA,#NA,#NA,#NA,#NA,#NA,15000,1980,VILLUM,#NA,Kulturhistoriske undersøgelser (1980-1982) ,#NA,#NA
15858,nan,#NA,#NA,#NA,#NA,#NA,#NA,6000,1980,VILLUM,#NA,Hædersgave ,#NA,#NA
15859,nan,#NA,#NA,#NA,#NA,#NA,#NA,6000,1980,VILLUM,#NA,Hædersgave ,#NA,#NA
15860,nan,#NA,#NA,#NA,#NA,#NA,#NA,6000,1980,VILLUM,#NA,Hædersgave ,#NA,#NA
15861,nan,#NA,#NA,#NA,#NA,#NA,#NA,12000,1980,VILLUM,#NA,Posthumt legat ,#NA,#NA
15862,nan,#NA,#NA,#NA,#NA,#NA,#NA,4986,1980,VILLUM,#NA,Ophold på Refugiet Fuglsang ,#NA,#NA
15863,nan,#NA,#NA,#NA,#NA,#NA,#NA,6000,1980,VILLUM,#NA,Hædersgave ,#NA,#NA
15864,nan,#NA,#NA,#NA,#NA,#NA,#NA,6000,1980,VILLUM,#NA,Bogudgivelse: The Creation of the World ,#NA,#NA
15865,nan,#NA,#NA,#NA,#NA,#NA,#NA,25000,1980,VILLUM,#NA,Bogudgivelse: En fiskerdreng fra Rørvig ,#NA,#NA
15866,nan,#NA,#NA,#NA,#NA,#NA,#NA,6000,1980,VILLUM,#NA,Hædersgave ,#NA,#NA
15867,nan,#NA,#NA,#NA,#NA,#NA,#NA,3154,1980,VILLUM,#NA,Rekreationsrejse ,#NA,#NA
15868,nan,#NA,#NA,#NA,#NA,#NA,#NA,40000,1980,VILLUM,#NA,Bogudgivelse: Danerne fra fødsel til dåb ,#NA,#NA
15870,nan,#NA,#NA,#NA,#NA,#NA,#NA,5000,1980,VILLUM,#NA,Bogudgivelse: Doktoren kom - af Øjenlæge E. Thykier.-Nielsen ,#NA,#NA
15871,nan,#NA,#NA,#NA,#NA,#NA,#NA,43000,1980,VILLUM,#NA,Bogudgivelse: Fortrolige samtaler ,#NA,#NA
15872,nan,#NA,#NA,#NA,#NA,#NA,#NA,13735,1980,VILLUM,#NA,Rejselegat ,#NA,#NA
15873,nan,#NA,#NA,#NA,#NA,#NA,#NA,12500,1980,VILLUM,#NA,Dagslys - og bygningskomponentpris - Treenighedskirken i Esbjerg ,#NA,#NA
15875,nan,#NA,#NA,#NA,#NA,#NA,#NA,12000,1980,VILLUM,#NA,Studierejse ,#NA,#NA
15876,nan,#NA,#NA,#NA,#NA,#NA,#NA,25000,1980,VILLUM,#NA,Bogudgivelse: Oplysning være skal vor lyst - Om FOF ,#NA,#NA
15877,nan,#NA,#NA,#NA,#NA,#NA,#NA,20000,1980,VILLUM,#NA,Bogudgivelse: Danske tinmærker ,#NA,#NA
15878,nan,#NA,#NA,#NA,#NA,#NA,#NA,25000,1979,VILLUM,#NA,Hædersgave ,#NA,#NA
15879,nan,#NA,#NA,#NA,#NA,#NA,#NA,6388,1979,VILLUM,#NA,Ophold på Refugiet Fuglsang ,#NA,#NA
15880,nan,#NA,#NA,#NA,#NA,#NA,#NA,36300,1979,VILLUM,#NA,Bogudgivelse: Kerte Kirke ,#NA,#NA
15881,nan,#NA,#NA,#NA,#NA,#NA,#NA,6000,1979,VILLUM,#NA,Hædersgave ,#NA,#NA
15882,nan,#NA,#NA,#NA,#NA,#NA,#NA,6000,1979,VILLUM,#NA,Rejselegat ,#NA,#NA
15883,nan,#NA,#NA,#NA,#NA,#NA,#NA,6000,1979,VILLUM,#NA,Hædersgave ,#NA,#NA
15884,nan,#NA,#NA,#NA,#NA,#NA,#NA,6000,1979,VILLUM,#NA,Hædersgave ,#NA,#NA
15885,nan,#NA,#NA,#NA,#NA,#NA,#NA,23670,1979,VILLUM,#NA,Digtsamlingerne: Liv og Året ,#NA,#NA
15886,nan,#NA,#NA,#NA,#NA,#NA,#NA,24318,1979,VILLUM,#NA,Ophold på Refugiet Fuglsang - Aalborg Pensionistkor ,#NA,#NA
15887,nan,#NA,#NA,#NA,#NA,#NA,#NA,20000,1979,VILLUM,#NA,Presseudsendelser: Historisk Topografisk Information ,#NA,#NA
15888,nan,#NA,#NA,#NA,#NA,#NA,#NA,100000,1979,VILLUM,#NA,Daylight and Building Component Award - Bagsværd Kirke ,#NA,#NA
15889,nan,#NA,#NA,#NA,#NA,#NA,#NA,15000,1979,VILLUM,#NA,Bogudgivelse: Arkitekten Anton Rosens arbejder ,#NA,#NA
15890,nan,#NA,#NA,#NA,#NA,#NA,#NA,15000,1979,VILLUM,#NA,Rejselegat ,#NA,#NA
15891,nan,#NA,#NA,#NA,#NA,#NA,#NA,6000,1979,VILLUM,#NA,Ophold på Refugiet Fuglsang ,#NA,#NA
15892,nan,#NA,#NA,#NA,#NA,#NA,#NA,6000,1979,VILLUM,#NA,Hædersgave ,#NA,#NA
15894,nan,#NA,#NA,#NA,#NA,#NA,#NA,15000,1978,VILLUM,#NA,"Bogudgivelse: De skikkelige enker på Tersløsegård, skrevet af Aage Kann Rasmussen ",#NA,#NA
15896,nan,#NA,#NA,#NA,#NA,#NA,#NA,4312,1978,VILLUM,#NA,Ophold på Refugiet Fuglsang ,#NA,#NA
15897,nan,#NA,#NA,#NA,#NA,#NA,#NA,15000,1978,VILLUM,#NA,Arkivstudier ,#NA,#NA
15898,nan,#NA,#NA,#NA,#NA,#NA,#NA,6000,1978,VILLUM,#NA,Hædersgave ,#NA,#NA
15899,nan,#NA,#NA,#NA,#NA,#NA,#NA,25000,1978,VILLUM,#NA,Hædersgave ,#NA,#NA
15900,nan,#NA,#NA,#NA,#NA,#NA,#NA,25000,1978,VILLUM,#NA,Rejselegat ,#NA,#NA
15901,nan,#NA,#NA,#NA,#NA,#NA,#NA,20000,1978,VILLUM,#NA,Rejselegat ,#NA,#NA
15902,nan,#NA,#NA,#NA,#NA,#NA,#NA,5152,1978,VILLUM,#NA,Ophold på Refugiet Fuglsang ,#NA,#NA
15903,nan,#NA,#NA,#NA,#NA,#NA,#NA,6402,1978,VILLUM,#NA,Ophold på Refugiet Fuglsang ,#NA,#NA
15904,nan,#NA,#NA,#NA,#NA,#NA,#NA,25000,1978,VILLUM,#NA,Hædersgave ,#NA,#NA
15905,nan,#NA,#NA,#NA,#NA,#NA,#NA,5000,1978,VILLUM,#NA,Ophold på Refugiet Fuglsang ,#NA,#NA
15906,nan,#NA,#NA,#NA,#NA,#NA,#NA,25000,1978,VILLUM,#NA,Bogudgivelse: En søgende sjæl ,#NA,#NA
15907,nan,#NA,#NA,#NA,#NA,#NA,#NA,5000,1978,VILLUM,#NA,Ophold på Refugiet Fuglsang ,#NA,#NA
15908,nan,#NA,#NA,#NA,#NA,#NA,#NA,25000,1978,VILLUM,#NA,Bogudgivelse: Danske sagførere - tilføjelser og rettelser: Samfundet for dansk genealogi og personalhistorie ,#NA,#NA
15909,nan,#NA,#NA,#NA,#NA,#NA,#NA,25000,1978,VILLUM,#NA,Bogudgivelse: Windjammers under the Old Elephant Flag ,#NA,#NA
15910,nan,#NA,#NA,#NA,#NA,#NA,#NA,5000,1978,VILLUM,#NA,Ophold på Refugiet Løgumkloster ,#NA,#NA
15911,nan,#NA,#NA,#NA,#NA,#NA,#NA,5000,1978,VILLUM,#NA,Ophold på Refugiet Løgumkloster ,#NA,#NA
15912,nan,#NA,#NA,#NA,#NA,#NA,#NA,15000,1978,VILLUM,#NA,Bogudgivelse: Slægten Windfeldt ,#NA,#NA
15913,nan,#NA,#NA,#NA,#NA,#NA,#NA,15000,1978,VILLUM,#NA,Bogudgivelse: A guide to the writings of Ludvig Holberg and to his manor-house Tersløsegård ,#NA,#NA
15915,nan,#NA,#NA,#NA,#NA,#NA,#NA,75000,1977,VILLUM,#NA,Hædersgave - Dagslys ,#NA,#NA
15916,nan,#NA,#NA,#NA,#NA,#NA,#NA,10000,1977,VILLUM,#NA,Rejselegat ,#NA,#NA
15917,nan,#NA,#NA,#NA,#NA,#NA,#NA,100000,1977,VILLUM,#NA,Bogudgivelse: Soraner-biografier 1584-1737 (1976) ,#NA,#NA
15918,nan,#NA,#NA,#NA,#NA,#NA,#NA,8000,1977,VILLUM,#NA,Instrument ,#NA,#NA
15919,nan,#NA,#NA,#NA,#NA,#NA,#NA,25000,1977,VILLUM,#NA,Fotografering og registrering af træer: Forarbejder til træer i byen ,#NA,#NA
15920,nan,#NA,#NA,#NA,#NA,#NA,#NA,70000,1977,VILLUM,#NA,Bogudgivelse: Træer i byen ,#NA,#NA
15921,nan,#NA,#NA,#NA,#NA,#NA,#NA,6000,1977,VILLUM,#NA,Hædersgave ,#NA,#NA
15922,nan,#NA,#NA,#NA,#NA,#NA,#NA,15000,1977,VILLUM,#NA,Hædersgave ,#NA,#NA
15923,nan,#NA,#NA,#NA,#NA,#NA,#NA,15000,1977,VILLUM,#NA,Hædersgave ,#NA,#NA
15924,nan,#NA,#NA,#NA,#NA,#NA,#NA,15000,1977,VILLUM,#NA,Hædersgave ,#NA,#NA
15925,nan,#NA,#NA,#NA,#NA,#NA,#NA,15000,1977,VILLUM,#NA,Bogudgivelse: En herredskirkes historie - Lisbjerg Kirke ,#NA,#NA
15926,nan,#NA,#NA,#NA,#NA,#NA,#NA,6000,1977,VILLUM,#NA,Hædersgave ,#NA,#NA
15927,nan,#NA,#NA,#NA,#NA,#NA,#NA,10000,1977,VILLUM,#NA,Hædersgave ,#NA,#NA
15928,nan,#NA,#NA,#NA,#NA,#NA,#NA,8000,1977,VILLUM,#NA,Hædersgave ,#NA,#NA
15929,nan,#NA,#NA,#NA,#NA,#NA,#NA,75000,1977,VILLUM,#NA,Rejselegat ,#NA,#NA
15930,nan,#NA,#NA,#NA,#NA,#NA,#NA,50000,1977,VILLUM,#NA,Hædersgave ,#NA,#NA
15932,nan,#NA,#NA,#NA,#NA,#NA,#NA,6000,1977,VILLUM,#NA,Hædersgave ,#NA,#NA
15933,nan,#NA,#NA,#NA,#NA,#NA,#NA,6000,1976,VILLUM,#NA,Hædersgave ,#NA,#NA
15934,nan,#NA,#NA,#NA,#NA,#NA,#NA,100000,1976,VILLUM,#NA,"Udstyr til et forskningslaboratorium, Aarhus Kommunehospital, Øjenafdelingen ",#NA,#NA
15935,nan,#NA,#NA,#NA,#NA,#NA,#NA,25000,1976,VILLUM,#NA,Hædersgave ,#NA,#NA
15936,nan,#NA,#NA,#NA,#NA,#NA,#NA,15000,1976,VILLUM,#NA,Bogudgivelse: Mandø Sogns præstehistorie ,#NA,#NA
15937,nan,#NA,#NA,#NA,#NA,#NA,#NA,25000,1976,VILLUM,#NA,Hædersgave ,#NA,#NA
15938,nan,#NA,#NA,#NA,#NA,#NA,#NA,15000,1976,VILLUM,#NA,Hædersgave ,#NA,#NA
15939,nan,#NA,#NA,#NA,#NA,#NA,#NA,28090,1975,VILLUM,#NA,Bogudgivelse: Soraner-biografier 1747-1800 (1975) ,#NA,#NA
15940,nan,#NA,#NA,#NA,#NA,#NA,#NA,100000,1975,VILLUM,#NA,Bogudgivelser: Soraner-biografier 1822-1900 (1975) og Soraner-biografier 1901-1960 (1977) ,#NA,#NA
15941,nan,#NA,#NA,#NA,#NA,#NA,#NA,25000,1975,VILLUM,#NA,Hædersgave ,#NA,#NA
15942,nan,#NA,#NA,#NA,#NA,#NA,#NA,25000,1975,VILLUM,#NA,Hædersgave ,#NA,#NA
15943,nan,#NA,#NA,#NA,#NA,#NA,#NA,25000,1975,VILLUM,#NA,Hædersgave ,#NA,#NA
15944,nan,#NA,#NA,#NA,#NA,#NA,#NA,25000,1975,VILLUM,#NA,Hædersgave ,#NA,#NA
15945,nan,#NA,#NA,#NA,#NA,#NA,#NA,25000,1975,VILLUM,#NA,Hædersgave ,#NA,#NA
15946,nan,#NA,#NA,#NA,#NA,#NA,#NA,25000,1975,VILLUM,#NA,Hædersgave ,#NA,#NA
15947,nan,#NA,#NA,#NA,#NA,#NA,#NA,50000,1974,VILLUM,#NA,Hædersgave ,#NA,#NA
15948,nan,#NA,#NA,#NA,#NA,#NA,#NA,25000,1973,VILLUM,#NA,Hædersgave ,#NA,#NA
15949,nan,#NA,#NA,#NA,#NA,#NA,#NA,25000,1973,VILLUM,#NA,Hædersgave ,#NA,#NA
16758," Carsten Flohr, King's College Londo",#NA,#NA,#NA,#NA,nan,#NA, 10000000,nan,LEO,nan,Global Atopic Dermatitis Atlas (GADA),nan,#NA
16759," Charlotte Skott, Professionshøjskolen Absalo",#NA,#NA,#NA,#NA,nan,#NA, 2500872,nan,LEO,nan,On track (På sporet – elever i 2. klasse lærer tal og algebra med læringsspor),nan,#NA
16760," Marie Erbs Ørbæk, CPH:DOX",#NA,#NA,#NA,#NA,nan,#NA, 980000,nan,LEO,nan,Science in reality (Videnskab i virkeligheden),nan,#NA
16761," Maiken Lykke, Naturvidenskabernes Hus",#NA,#NA,#NA,#NA,nan,#NA, 2000000,nan,LEO,nan,Natural Science Marathon (Naturfagsmarathon),nan,#NA
16762," Niels Hartling, Science Olympiad",#NA,#NA,#NA,#NA,nan,#NA, 1800000,nan,LEO,nan,The Science Olympiads (Science Olympiaderne),nan,#NA
16763," Clarissa Schwab, Associate Professor, Aarhus University",#NA,#NA,#NA,#NA,nan,#NA, 3910741,nan,LEO,nan,Influence of dietary derived gut microbial metabolites on skin barrier and atopic dermatitis development in early life (Infant AD),nan,#NA
16764," Caroline Le Poole, Professor, Northwestern University",#NA,#NA,#NA,#NA,nan,#NA, 2979828,nan,LEO,nan,Microbial impact on vitiligo development,nan,#NA
16765," Ivan Litvinov, Associate Professor, McGill University Health C",#NA,#NA,#NA,#NA,nan,#NA, 3074290,nan,LEO,nan,Striving to develop and implement culturally sensitive dermatologic care with the focus on eczema and psoriasis in the Cree Territory of James Bay (Eeyou Istchee),nan,#NA
16766," Blaine Fritz, Postdoc, University of Copenhag",#NA,#NA,#NA,#NA,nan,#NA, 2956179,nan,LEO,nan,High-resolution identification of bacterial-host interactions in atopic dermatitis during flare development and treatment,nan,#NA
16767," Ludvig Sollid, Professor, University of Oslo",#NA,#NA,#NA,#NA,nan,#NA, 3996277,nan,LEO,nan,Dissecting the immunopathogenesis of Dermatitis Herpetiformis – a blistering skin disorder,nan,#NA
16778," Associate Professor Kiarash Khosrotehrani, University of Queensland",#NA,#NA,#NA,#NA,nan,#NA, AUD 268239,nan,LEO,nan,The natural history of skin cancer formation: from normal skin to cancer,nan,#NA
16779," Associate Professor Kiarash Khosrotehrani, University of Queensland",#NA,#NA,#NA,#NA,nan,#NA, AUD 415386,nan,LEO,nan,Preventing Basal Cell Carcinoma formation by targeting the tumor environment,nan,#NA
16780," Mikkel Bohm, Young Scientists (Astra)",#NA,#NA,#NA,#NA,nan,#NA, 3000000,nan,LEO,nan,Young Scientists,nan,#NA
16781," Department of Pharmacy, University of Copenhag",#NA,#NA,#NA,#NA,nan,#NA, 40000000,nan,LEO,nan,LEO Foundation Center for Cutaneous Drug Delivery,nan,#NA
16782, Dr. Christina Zielinski,#NA,#NA,#NA,#NA,nan,#NA, 500000,nan,LEO,nan,The LEO Foundation Award 2014 – Silver Award,nan,#NA
16783, Dr. Kim B. Jens,#NA,#NA,#NA,#NA,nan,#NA, 1000000,nan,LEO,nan,The LEO Foundation Award 2014 – Gold Award,nan,#NA
16784," Professor Lone Skov, Department of Dermato-Allergology, Gentofte Hospital",#NA,#NA,#NA,#NA,nan,#NA, 4500000,nan,LEO,nan,Psoriasis in children,nan,#NA
16785, Dr. Muzlifah Haniff,#NA,#NA,#NA,#NA,nan,#NA, 500000,nan,LEO,nan,The LEO Foundation Award 2013 – Silver Award,nan,#NA
16786, Dr. Onur Boym,#NA,#NA,#NA,#NA,nan,#NA, 1000000,nan,LEO,nan,The LEO Foundation Award 2013 – Gold Award,nan,#NA
16787," Professor Martin Steinhoff, University of California San Francisco",#NA,#NA,#NA,#NA,nan,#NA,2594115,nan,LEO,nan,Identification and Characterization of Key Itch Mediators and Receptors in Human Pruitus,nan,#NA
16798," Associate Professor Kiarash Khosrotehrani, University of Queensland",#NA,#NA,#NA,#NA,nan,#NA, AUD 268239,nan,LEO,nan,The natural history of skin cancer formation: from normal skin to cancer,nan,#NA
16799," Associate Professor Kiarash Khosrotehrani, University of Queensland",#NA,#NA,#NA,#NA,nan,#NA, AUD 415386,nan,LEO,nan,Preventing Basal Cell Carcinoma formation by targeting the tumor environment,nan,#NA
16800," Mikkel Bohm, Young Scientists (Astra)",#NA,#NA,#NA,#NA,nan,#NA, 3000000,nan,LEO,nan,Young Scientists,nan,#NA
16801," Department of Pharmacy, University of Copenhag",#NA,#NA,#NA,#NA,nan,#NA, 40000000,nan,LEO,nan,LEO Foundation Center for Cutaneous Drug Delivery,nan,#NA
16802, Dr. Christina Zielinski,#NA,#NA,#NA,#NA,nan,#NA, 500000,nan,LEO,nan,The LEO Foundation Award 2014 – Silver Award,nan,#NA
16803, Dr. Kim B. Jens,#NA,#NA,#NA,#NA,nan,#NA, 1000000,nan,LEO,nan,The LEO Foundation Award 2014 – Gold Award,nan,#NA
16804," Professor Lone Skov, Department of Dermato-Allergology, Gentofte Hospital",#NA,#NA,#NA,#NA,nan,#NA, 4500000,nan,LEO,nan,Psoriasis in children,nan,#NA
16805, Dr. Muzlifah Haniff,#NA,#NA,#NA,#NA,nan,#NA, 500000,nan,LEO,nan,The LEO Foundation Award 2013 – Silver Award,nan,#NA
16806, Dr. Onur Boym,#NA,#NA,#NA,#NA,nan,#NA, 1000000,nan,LEO,nan,The LEO Foundation Award 2013 – Gold Award,nan,#NA
16807," Professor Martin Steinhoff, University of California San Francisco",#NA,#NA,#NA,#NA,nan,#NA,2594115,nan,LEO,nan,Identification and Characterization of Key Itch Mediators and Receptors in Human Pruitus,nan,#NA
16818," Associate Professor Kiarash Khosrotehrani, University of Queensland",#NA,#NA,#NA,#NA,nan,#NA, AUD 268239,nan,LEO,nan,The natural history of skin cancer formation: from normal skin to cancer,nan,#NA
16819," Associate Professor Kiarash Khosrotehrani, University of Queensland",#NA,#NA,#NA,#NA,nan,#NA, AUD 415386,nan,LEO,nan,Preventing Basal Cell Carcinoma formation by targeting the tumor environment,nan,#NA
16820," Mikkel Bohm, Young Scientists (Astra)",#NA,#NA,#NA,#NA,nan,#NA, 3000000,nan,LEO,nan,Young Scientists,nan,#NA
16821," Department of Pharmacy, University of Copenhag",#NA,#NA,#NA,#NA,nan,#NA, 40000000,nan,LEO,nan,LEO Foundation Center for Cutaneous Drug Delivery,nan,#NA
16822, Dr. Christina Zielinski,#NA,#NA,#NA,#NA,nan,#NA, 500000,nan,LEO,nan,The LEO Foundation Award 2014 – Silver Award,nan,#NA
16823, Dr. Kim B. Jens,#NA,#NA,#NA,#NA,nan,#NA, 1000000,nan,LEO,nan,The LEO Foundation Award 2014 – Gold Award,nan,#NA
16824," Professor Lone Skov, Department of Dermato-Allergology, Gentofte Hospital",#NA,#NA,#NA,#NA,nan,#NA, 4500000,nan,LEO,nan,Psoriasis in children,nan,#NA
16825, Dr. Muzlifah Haniff,#NA,#NA,#NA,#NA,nan,#NA, 500000,nan,LEO,nan,The LEO Foundation Award 2013 – Silver Award,nan,#NA
16826, Dr. Onur Boym,#NA,#NA,#NA,#NA,nan,#NA, 1000000,nan,LEO,nan,The LEO Foundation Award 2013 – Gold Award,nan,#NA
16827," Professor Martin Steinhoff, University of California San Francisco",#NA,#NA,#NA,#NA,nan,#NA,2594115,nan,LEO,nan,Identification and Characterization of Key Itch Mediators and Receptors in Human Pruitus,nan,#NA
16838," Associate Professor Kiarash Khosrotehrani, University of Queensland",#NA,#NA,#NA,#NA,nan,#NA, AUD 268239,nan,LEO,nan,The natural history of skin cancer formation: from normal skin to cancer,nan,#NA
16839," Associate Professor Kiarash Khosrotehrani, University of Queensland",#NA,#NA,#NA,#NA,nan,#NA, AUD 415386,nan,LEO,nan,Preventing Basal Cell Carcinoma formation by targeting the tumor environment,nan,#NA
16840," Mikkel Bohm, Young Scientists (Astra)",#NA,#NA,#NA,#NA,nan,#NA, 3000000,nan,LEO,nan,Young Scientists,nan,#NA
16841," Department of Pharmacy, University of Copenhag",#NA,#NA,#NA,#NA,nan,#NA, 40000000,nan,LEO,nan,LEO Foundation Center for Cutaneous Drug Delivery,nan,#NA
16842, Dr. Christina Zielinski,#NA,#NA,#NA,#NA,nan,#NA, 500000,nan,LEO,nan,The LEO Foundation Award 2014 – Silver Award,nan,#NA
16843, Dr. Kim B. Jens,#NA,#NA,#NA,#NA,nan,#NA, 1000000,nan,LEO,nan,The LEO Foundation Award 2014 – Gold Award,nan,#NA
16844," Professor Lone Skov, Department of Dermato-Allergology, Gentofte Hospital",#NA,#NA,#NA,#NA,nan,#NA, 4500000,nan,LEO,nan,Psoriasis in children,nan,#NA
16845, Dr. Muzlifah Haniff,#NA,#NA,#NA,#NA,nan,#NA, 500000,nan,LEO,nan,The LEO Foundation Award 2013 – Silver Award,nan,#NA
16846, Dr. Onur Boym,#NA,#NA,#NA,#NA,nan,#NA, 1000000,nan,LEO,nan,The LEO Foundation Award 2013 – Gold Award,nan,#NA
16847," Professor Martin Steinhoff, University of California San Francisco",#NA,#NA,#NA,#NA,nan,#NA,2594115,nan,LEO,nan,Identification and Characterization of Key Itch Mediators and Receptors in Human Pruitus,nan,#NA
16858," Associate Professor Kiarash Khosrotehrani, University of Queensland",#NA,#NA,#NA,#NA,nan,#NA, AUD 268239,nan,LEO,nan,The natural history of skin cancer formation: from normal skin to cancer,nan,#NA
16859," Associate Professor Kiarash Khosrotehrani, University of Queensland",#NA,#NA,#NA,#NA,nan,#NA, AUD 415386,nan,LEO,nan,Preventing Basal Cell Carcinoma formation by targeting the tumor environment,nan,#NA
16860," Mikkel Bohm, Young Scientists (Astra)",#NA,#NA,#NA,#NA,nan,#NA, 3000000,nan,LEO,nan,Young Scientists,nan,#NA
16861," Department of Pharmacy, University of Copenhag",#NA,#NA,#NA,#NA,nan,#NA, 40000000,nan,LEO,nan,LEO Foundation Center for Cutaneous Drug Delivery,nan,#NA
16862, Dr. Christina Zielinski,#NA,#NA,#NA,#NA,nan,#NA, 500000,nan,LEO,nan,The LEO Foundation Award 2014 – Silver Award,nan,#NA
16863, Dr. Kim B. Jens,#NA,#NA,#NA,#NA,nan,#NA, 1000000,nan,LEO,nan,The LEO Foundation Award 2014 – Gold Award,nan,#NA
16864," Professor Lone Skov, Department of Dermato-Allergology, Gentofte Hospital",#NA,#NA,#NA,#NA,nan,#NA, 4500000,nan,LEO,nan,Psoriasis in children,nan,#NA
16865, Dr. Muzlifah Haniff,#NA,#NA,#NA,#NA,nan,#NA, 500000,nan,LEO,nan,The LEO Foundation Award 2013 – Silver Award,nan,#NA
16866, Dr. Onur Boym,#NA,#NA,#NA,#NA,nan,#NA, 1000000,nan,LEO,nan,The LEO Foundation Award 2013 – Gold Award,nan,#NA
16867," Professor Martin Steinhoff, University of California San Francisco",#NA,#NA,#NA,#NA,nan,#NA,2594115,nan,LEO,nan,Identification and Characterization of Key Itch Mediators and Receptors in Human Pruitus,nan,#NA
16878," Associate Professor Kiarash Khosrotehrani, University of Queensland",#NA,#NA,#NA,#NA,nan,#NA, AUD 268239,nan,LEO,nan,The natural history of skin cancer formation: from normal skin to cancer,nan,#NA
16879," Associate Professor Kiarash Khosrotehrani, University of Queensland",#NA,#NA,#NA,#NA,nan,#NA, AUD 415386,nan,LEO,nan,Preventing Basal Cell Carcinoma formation by targeting the tumor environment,nan,#NA
16880," Mikkel Bohm, Young Scientists (Astra)",#NA,#NA,#NA,#NA,nan,#NA, 3000000,nan,LEO,nan,Young Scientists,nan,#NA
16881," Department of Pharmacy, University of Copenhag",#NA,#NA,#NA,#NA,nan,#NA, 40000000,nan,LEO,nan,LEO Foundation Center for Cutaneous Drug Delivery,nan,#NA
16882, Dr. Christina Zielinski,#NA,#NA,#NA,#NA,nan,#NA, 500000,nan,LEO,nan,The LEO Foundation Award 2014 – Silver Award,nan,#NA
16883, Dr. Kim B. Jens,#NA,#NA,#NA,#NA,nan,#NA, 1000000,nan,LEO,nan,The LEO Foundation Award 2014 – Gold Award,nan,#NA
16884," Professor Lone Skov, Department of Dermato-Allergology, Gentofte Hospital",#NA,#NA,#NA,#NA,nan,#NA, 4500000,nan,LEO,nan,Psoriasis in children,nan,#NA
16885, Dr. Muzlifah Haniff,#NA,#NA,#NA,#NA,nan,#NA, 500000,nan,LEO,nan,The LEO Foundation Award 2013 – Silver Award,nan,#NA
16886, Dr. Onur Boym,#NA,#NA,#NA,#NA,nan,#NA, 1000000,nan,LEO,nan,The LEO Foundation Award 2013 – Gold Award,nan,#NA
16887," Professor Martin Steinhoff, University of California San Francisco",#NA,#NA,#NA,#NA,nan,#NA,2594115,nan,LEO,nan,Identification and Characterization of Key Itch Mediators and Receptors in Human Pruitus,nan,#NA
16898," Associate Professor Kiarash Khosrotehrani, University of Queensland",#NA,#NA,#NA,#NA,nan,#NA, AUD 268239,nan,LEO,nan,The natural history of skin cancer formation: from normal skin to cancer,nan,#NA
16899," Associate Professor Kiarash Khosrotehrani, University of Queensland",#NA,#NA,#NA,#NA,nan,#NA, AUD 415386,nan,LEO,nan,Preventing Basal Cell Carcinoma formation by targeting the tumor environment,nan,#NA
16900," Mikkel Bohm, Young Scientists (Astra)",#NA,#NA,#NA,#NA,nan,#NA, 3000000,nan,LEO,nan,Young Scientists,nan,#NA
16901," Department of Pharmacy, University of Copenhag",#NA,#NA,#NA,#NA,nan,#NA, 40000000,nan,LEO,nan,LEO Foundation Center for Cutaneous Drug Delivery,nan,#NA
16902, Dr. Christina Zielinski,#NA,#NA,#NA,#NA,nan,#NA, 500000,nan,LEO,nan,The LEO Foundation Award 2014 – Silver Award,nan,#NA
16903, Dr. Kim B. Jens,#NA,#NA,#NA,#NA,nan,#NA, 1000000,nan,LEO,nan,The LEO Foundation Award 2014 – Gold Award,nan,#NA
16904," Professor Lone Skov, Department of Dermato-Allergology, Gentofte Hospital",#NA,#NA,#NA,#NA,nan,#NA, 4500000,nan,LEO,nan,Psoriasis in children,nan,#NA
16905, Dr. Muzlifah Haniff,#NA,#NA,#NA,#NA,nan,#NA, 500000,nan,LEO,nan,The LEO Foundation Award 2013 – Silver Award,nan,#NA
16906, Dr. Onur Boym,#NA,#NA,#NA,#NA,nan,#NA, 1000000,nan,LEO,nan,The LEO Foundation Award 2013 – Gold Award,nan,#NA
16907," Professor Martin Steinhoff, University of California San Francisco",#NA,#NA,#NA,#NA,nan,#NA,2594115,nan,LEO,nan,Identification and Characterization of Key Itch Mediators and Receptors in Human Pruitus,nan,#NA
16918," Associate Professor Kiarash Khosrotehrani, University of Queensland",#NA,#NA,#NA,#NA,nan,#NA, AUD 268239,nan,LEO,nan,The natural history of skin cancer formation: from normal skin to cancer,nan,#NA
16919," Associate Professor Kiarash Khosrotehrani, University of Queensland",#NA,#NA,#NA,#NA,nan,#NA, AUD 415386,nan,LEO,nan,Preventing Basal Cell Carcinoma formation by targeting the tumor environment,nan,#NA
16920," Mikkel Bohm, Young Scientists (Astra)",#NA,#NA,#NA,#NA,nan,#NA, 3000000,nan,LEO,nan,Young Scientists,nan,#NA
16921," Department of Pharmacy, University of Copenhag",#NA,#NA,#NA,#NA,nan,#NA, 40000000,nan,LEO,nan,LEO Foundation Center for Cutaneous Drug Delivery,nan,#NA
16922, Dr. Christina Zielinski,#NA,#NA,#NA,#NA,nan,#NA, 500000,nan,LEO,nan,The LEO Foundation Award 2014 – Silver Award,nan,#NA
16923, Dr. Kim B. Jens,#NA,#NA,#NA,#NA,nan,#NA, 1000000,nan,LEO,nan,The LEO Foundation Award 2014 – Gold Award,nan,#NA
16924," Professor Lone Skov, Department of Dermato-Allergology, Gentofte Hospital",#NA,#NA,#NA,#NA,nan,#NA, 4500000,nan,LEO,nan,Psoriasis in children,nan,#NA
16925, Dr. Muzlifah Haniff,#NA,#NA,#NA,#NA,nan,#NA, 500000,nan,LEO,nan,The LEO Foundation Award 2013 – Silver Award,nan,#NA
16926, Dr. Onur Boym,#NA,#NA,#NA,#NA,nan,#NA, 1000000,nan,LEO,nan,The LEO Foundation Award 2013 – Gold Award,nan,#NA
16927," Professor Martin Steinhoff, University of California San Francisco",#NA,#NA,#NA,#NA,nan,#NA,2594115,nan,LEO,nan,Identification and Characterization of Key Itch Mediators and Receptors in Human Pruitus,nan,#NA
16938," Associate Professor Kiarash Khosrotehrani, University of Queensland",#NA,#NA,#NA,#NA,nan,#NA, AUD 268239,nan,LEO,nan,The natural history of skin cancer formation: from normal skin to cancer,nan,#NA
16939," Associate Professor Kiarash Khosrotehrani, University of Queensland",#NA,#NA,#NA,#NA,nan,#NA, AUD 415386,nan,LEO,nan,Preventing Basal Cell Carcinoma formation by targeting the tumor environment,nan,#NA
16940," Mikkel Bohm, Young Scientists (Astra)",#NA,#NA,#NA,#NA,nan,#NA, 3000000,nan,LEO,nan,Young Scientists,nan,#NA
16941," Department of Pharmacy, University of Copenhag",#NA,#NA,#NA,#NA,nan,#NA, 40000000,nan,LEO,nan,LEO Foundation Center for Cutaneous Drug Delivery,nan,#NA
16942, Dr. Christina Zielinski,#NA,#NA,#NA,#NA,nan,#NA, 500000,nan,LEO,nan,The LEO Foundation Award 2014 – Silver Award,nan,#NA
16943, Dr. Kim B. Jens,#NA,#NA,#NA,#NA,nan,#NA, 1000000,nan,LEO,nan,The LEO Foundation Award 2014 – Gold Award,nan,#NA
16944," Professor Lone Skov, Department of Dermato-Allergology, Gentofte Hospital",#NA,#NA,#NA,#NA,nan,#NA, 4500000,nan,LEO,nan,Psoriasis in children,nan,#NA
16945, Dr. Muzlifah Haniff,#NA,#NA,#NA,#NA,nan,#NA, 500000,nan,LEO,nan,The LEO Foundation Award 2013 – Silver Award,nan,#NA
16946, Dr. Onur Boym,#NA,#NA,#NA,#NA,nan,#NA, 1000000,nan,LEO,nan,The LEO Foundation Award 2013 – Gold Award,nan,#NA
16947," Professor Martin Steinhoff, University of California San Francisco",#NA,#NA,#NA,#NA,nan,#NA,2594115,nan,LEO,nan,Identification and Characterization of Key Itch Mediators and Receptors in Human Pruitus,nan,#NA
16958," Associate Professor Kiarash Khosrotehrani, University of Queensland",#NA,#NA,#NA,#NA,nan,#NA, AUD 268239,nan,LEO,nan,The natural history of skin cancer formation: from normal skin to cancer,nan,#NA
16959," Associate Professor Kiarash Khosrotehrani, University of Queensland",#NA,#NA,#NA,#NA,nan,#NA, AUD 415386,nan,LEO,nan,Preventing Basal Cell Carcinoma formation by targeting the tumor environment,nan,#NA
16960," Mikkel Bohm, Young Scientists (Astra)",#NA,#NA,#NA,#NA,nan,#NA, 3000000,nan,LEO,nan,Young Scientists,nan,#NA
16961," Department of Pharmacy, University of Copenhag",#NA,#NA,#NA,#NA,nan,#NA, 40000000,nan,LEO,nan,LEO Foundation Center for Cutaneous Drug Delivery,nan,#NA
16962, Dr. Christina Zielinski,#NA,#NA,#NA,#NA,nan,#NA, 500000,nan,LEO,nan,The LEO Foundation Award 2014 – Silver Award,nan,#NA
16963, Dr. Kim B. Jens,#NA,#NA,#NA,#NA,nan,#NA, 1000000,nan,LEO,nan,The LEO Foundation Award 2014 – Gold Award,nan,#NA
16964," Professor Lone Skov, Department of Dermato-Allergology, Gentofte Hospital",#NA,#NA,#NA,#NA,nan,#NA, 4500000,nan,LEO,nan,Psoriasis in children,nan,#NA
16965, Dr. Muzlifah Haniff,#NA,#NA,#NA,#NA,nan,#NA, 500000,nan,LEO,nan,The LEO Foundation Award 2013 – Silver Award,nan,#NA
16966, Dr. Onur Boym,#NA,#NA,#NA,#NA,nan,#NA, 1000000,nan,LEO,nan,The LEO Foundation Award 2013 – Gold Award,nan,#NA
16967," Professor Martin Steinhoff, University of California San Francisco",#NA,#NA,#NA,#NA,nan,#NA,2594115,nan,LEO,nan,Identification and Characterization of Key Itch Mediators and Receptors in Human Pruitus,nan,#NA
16978," Associate Professor Kiarash Khosrotehrani, University of Queensland",#NA,#NA,#NA,#NA,nan,#NA, AUD 268239,nan,LEO,nan,The natural history of skin cancer formation: from normal skin to cancer,nan,#NA
16979," Associate Professor Kiarash Khosrotehrani, University of Queensland",#NA,#NA,#NA,#NA,nan,#NA, AUD 415386,nan,LEO,nan,Preventing Basal Cell Carcinoma formation by targeting the tumor environment,nan,#NA
16980," Mikkel Bohm, Young Scientists (Astra)",#NA,#NA,#NA,#NA,nan,#NA, 3000000,nan,LEO,nan,Young Scientists,nan,#NA
16981," Department of Pharmacy, University of Copenhag",#NA,#NA,#NA,#NA,nan,#NA, 40000000,nan,LEO,nan,LEO Foundation Center for Cutaneous Drug Delivery,nan,#NA
16982, Dr. Christina Zielinski,#NA,#NA,#NA,#NA,nan,#NA, 500000,nan,LEO,nan,The LEO Foundation Award 2014 – Silver Award,nan,#NA
16983, Dr. Kim B. Jens,#NA,#NA,#NA,#NA,nan,#NA, 1000000,nan,LEO,nan,The LEO Foundation Award 2014 – Gold Award,nan,#NA
16984," Professor Lone Skov, Department of Dermato-Allergology, Gentofte Hospital",#NA,#NA,#NA,#NA,nan,#NA, 4500000,nan,LEO,nan,Psoriasis in children,nan,#NA
16985, Dr. Muzlifah Haniff,#NA,#NA,#NA,#NA,nan,#NA, 500000,nan,LEO,nan,The LEO Foundation Award 2013 – Silver Award,nan,#NA
16986, Dr. Onur Boym,#NA,#NA,#NA,#NA,nan,#NA, 1000000,nan,LEO,nan,The LEO Foundation Award 2013 – Gold Award,nan,#NA
16987," Professor Martin Steinhoff, University of California San Francisco",#NA,#NA,#NA,#NA,nan,#NA,2594115,nan,LEO,nan,Identification and Characterization of Key Itch Mediators and Receptors in Human Pruitus,nan,#NA
17741,nan,nan,nan,#NA,#NA,#NA,#NA,2717582 ,2019,LUNDBECK,Total amount granted for 212 scientific travel grants for up to 50.000 DKK each,#NA,Travel Stipends,#NA
17941,nan,nan,nan,#NA,#NA,#NA,#NA,2333064 ,2018,LUNDBECK,Total amount granted for 161 scientific travel grants for up to 50.000 DKK each,#NA,Travel Stipends,#NA
18140,nan,nan,nan,#NA,#NA,#NA,#NA,3753881 ,2017,LUNDBECK,Total amount granted for 255 scientific travel grants for up to 50.000 DKK each,#NA,Travel Stipends,#NA
18349,nan,nan,nan,#NA,#NA,#NA,#NA,3643051 ,2016,LUNDBECK,Total amount granted for 238 scientific travel grants for up to 50.000 DKK each,#NA,Travel Stipends,#NA
18571,nan,nan,nan,#NA,#NA,#NA,#NA,3202430 ,2015,LUNDBECK,Total amount granted for 200 scientific travel grants for up to 50.000 DKK each,#NA,Travel Stipends,#NA
18748,nan,nan,nan,#NA,#NA,#NA,#NA,2266428 ,2014,LUNDBECK,Total amount granted for 166 scientific travel grants for up to 50.000 DKK each,#NA,Travel Stipends,#NA
18976,nan,nan,nan,#NA,#NA,#NA,#NA,2020797 ,2013,LUNDBECK,Total amount granted for 134 scientific travel grants for up to 50.000 DKK each,#NA,Travel Stipends,#NA
19273,nan,nan,nan,#NA,#NA,#NA,#NA,2268476 ,2012,LUNDBECK,Total amount granted for 131 scientific travel grants for up to 50.000 DKK each,#NA,Travel Stipends,#NA
19528,nan,nan,nan,#NA,#NA,#NA,#NA,1668291 ,2011,LUNDBECK,Total amount granted for 99 scientific travel grants for up to 50.000 DKK each,#NA,Travel Stipends,#NA
19764,nan,nan,nan,#NA,#NA,#NA,#NA,1164189 ,2010,LUNDBECK,Total amount granted for 89 scientific travel grants for up to 50.000 DKK each,#NA,Travel Stipends,#NA
19966,nan,nan,nan,#NA,#NA,#NA,#NA,1220016 ,2009,LUNDBECK,Total amount granted for 83 scientific travel grants for up to 50.000 DKK each,#NA,Travel Stipends,#NA
20159,nan,nan,nan,#NA,#NA,#NA,#NA,459240 ,2008,LUNDBECK,Total amount granted for 29 scientific travel grants for up to 50.000 DKK each,#NA,Travel Stipends,#NA
20304,nan,nan,nan,#NA,#NA,#NA,#NA,379277 ,2007,LUNDBECK,Total amount granted for 14 scientific travel grants for up to 50.000 DKK each,#NA,Travel Stipends,#NA
20326,Nordsjællands Hospital,Professor,Christian Torp-Pedersen,#NA,#NA,#NA,#NA, 1500000,2024,NOVO,nan,#NA,#NA,#NA
20469,University of Copenhagen,Assistant Professor,Witold Kot,#NA,#NA,#NA,#NA, 495900,2024,NOVO,nan,#NA,#NA,#NA
20514,"Skt. Josefs Skole, Roskilde Kommune",nan,"Karima Bruun Henriksen, Harry Andrew Osborne & Morten Fich Lønnee",#NA,#NA,#NA,#NA,nan,2024,NOVO,NNF Natur- og Teknologilærerpris 2024 - Øst,#NA,#NA,#NA
20656,nan,nan,Anders Hafren,#NA,#NA,#NA,#NA,nan,2023,NOVO,Discovering crop protection and resilience mechanisms through virus diversity,#NA,#NA,#NA
20883,Aarhus Universitetshospital,nan,Karen-Lise Spindler,#NA,#NA,#NA,#NA,nan,2023,NOVO,Changing cancer treatment by using Circulating tumor DNA Response Evaluation Criteria for Solid Tumors - ctDNA-RECIST,#NA,#NA,#NA
21105,University of Copenhagen,nan,Søren Sørensen,#NA,#NA,#NA,#NA, 2976224,2023,NOVO,nan,#NA,#NA,#NA
21432,nan,"Professor, overlæge",Jens Bukh,#NA,#NA,#NA,#NA, 1500000,2022,NOVO,nan,#NA,#NA,#NA
21563,Bispebjerg/Frederiksberg Hospital,"Professor, overlæge, dr.med",Merete Osler,#NA,#NA,#NA,#NA, 1500000,2022,NOVO,nan,#NA,#NA,#NA
21984,Herlev og Gentofte Hospital,Klinisk professor,Inge Marie Svane,#NA,#NA,#NA,#NA, 1500000,2021,NOVO,nan,#NA,#NA,#NA
22408,"Klinisk Biokemisk Afdeling, Herlev-Gentofte Hospital","Professor, overlæge, dr. med.",Børge Grønne Nordestgaard,#NA,#NA,#NA,#NA, 1500000,2020,NOVO,nan,#NA,#NA,#NA
22454,nan,nan,Conference for the Natural Science Teacher Prize recipients (intern bevilling),#NA,#NA,#NA,#NA, 200000,2020,NOVO,nan,#NA,#NA,#NA
22517,nan,nan,EUD Workshop,#NA,#NA,#NA,#NA, 200000,2020,NOVO,nan,#NA,#NA,#NA
22776,Institut for Klinisk Medicin ved Københavns Universitet samt Bispebjerg og Frederiksberg Hospital,"Klinisk professor, overlæge, dr. med.",Michael Kjær,#NA,#NA,#NA,#NA, 1500000,2020,NOVO,nan,#NA,#NA,#NA
22911,nan,nan,SCOPE - Science Capital among Children and Young People in Denmark (intern bevilling),#NA,#NA,#NA,#NA, 120000,2020,NOVO,nan,#NA,#NA,#NA
22988,nan,nan,The LIFE initiative - drift 2020,#NA,#NA,#NA,#NA, 83900025,2020,NOVO,nan,#NA,#NA,#NA
22989,nan,nan,The LIFE initiative Establishment,#NA,#NA,#NA,#NA, 20135000,2020,NOVO,nan,#NA,#NA,#NA
23028,nan,nan,Undervisningspriser 2020 NNF costs (intern bevilling),#NA,#NA,#NA,#NA, 250000,2020,NOVO,nan,#NA,#NA,#NA
23204,"Neurologisk Klinik, Rigshospitalet","Professor, overlæge, dr.med.",Gunhild Waldemar,#NA,#NA,#NA,#NA, 1500000,2019,NOVO,nan,#NA,#NA,#NA
23213,Aarhus Universitetshospital,"Professor, overlæge, dr.med.",Hans Erik Bøtker,#NA,#NA,#NA,#NA, 1500000,2019,NOVO,nan,#NA,#NA,#NA
23637,Aalborg Universitetshospital,"Professor, overlæge, dr.med.",Asbjørn Mohr Drewes,#NA,#NA,#NA,#NA, 1500000,2018,NOVO,nan,#NA,#NA,#NA
23746,Aarhus Universitetshospital,"Professor, overlæge, dr.med.",Hans Erik Bøtker,#NA,#NA,#NA,#NA, 1500000,2018,NOVO,nan,#NA,#NA,#NA
23916,"Department of Nuclear Medicine and PET Centre, Aarhus University Hospital",Chief Physician/Consultant,Per Borghammer,#NA,#NA,#NA,#NA, 150000,2018,NOVO,nan,#NA,#NA,#NA
23983,"University of Copenhagen, Department of Computer Science",Associate Professor,Stefan Sommer,#NA,#NA,#NA,#NA, 1900000,2018,NOVO,nan,#NA,#NA,#NA
24032,nan,nan,Undervisningspriser 2019 NNF costs,#NA,#NA,#NA,#NA, 250000,2018,NOVO,nan,#NA,#NA,#NA
24054,nan,Copenhagen Bioscience Cluster,nan,#NA,#NA,#NA,#NA, 2700000,2017,NOVO,Cluster Integration Activities,#NA,#NA,#NA
24210,Rigshospitalet,"Professor, overlæge, dr.med.",Jens Dilling Lundgren,#NA,#NA,#NA,#NA, 250000,2017,NOVO,nan,#NA,#NA,#NA
24301,Psykiatrisk Center København,"Professor, overlæge, dr.med.",Merete Nordentoft,#NA,#NA,#NA,#NA, 250000,2017,NOVO,nan,#NA,#NA,#NA
24506,nan,Professor,Christian Torp-Pedersen,#NA,#NA,#NA,#NA, 3000000,2016,NOVO,nan,#NA,#NA,#NA
24587,nan,Professor,Jørgen Vestbo,#NA,#NA,#NA,#NA, 250000,2016,NOVO,nan,#NA,#NA,#NA
24730,nan,Professor,Torben Jørgensen,#NA,#NA,#NA,#NA, 250000,2016,NOVO,nan,#NA,#NA,#NA
24735,"The Lundberg Laboratory for Diabetes Research, Gothenburg University",Professor,Ulf Smith,#NA,#NA,#NA,#NA, 500000,2016,NOVO,nan,#NA,#NA,#NA
24790,"Enhed for Sygeplejeforskning og Evidensbasering, Bispebjerg Hospital",ph.d.,Christina Emme,#NA,#NA,#NA,#NA, 302400,2015,NOVO,nan,#NA,#NA,#NA
24848,nan,Professor,Jens Bukh,#NA,#NA,#NA,#NA, 3000000,2015,NOVO,nan,#NA,#NA,#NA
24929,nan,Professor,Niels Henry Secher,#NA,#NA,#NA,#NA, 250000,2015,NOVO,nan,#NA,#NA,#NA
24937,nan,Professor,Oluf Borbye Pedersen,#NA,#NA,#NA,#NA, 250000,2015,NOVO,nan,#NA,#NA,#NA
25031,"Dept of Clinical Medicine, Universitetet i Bergen",PhD,Anders Molven,#NA,#NA,#NA,#NA, 300000,2014,NOVO,nan,#NA,#NA,#NA
25058,nan,"Professor, dr.med.",Bo Feldt-Rasmussen,#NA,#NA,#NA,#NA, 250000,2014,NOVO,-,#NA,#NA,#NA
25072,"Department of endocrinology and internal medicine and Department of molecular medicine, Aarhus University Hospital, Aarhus Universitet","MD, Ph.d., DMSc",Claus Højbjerg Gravholt,#NA,#NA,#NA,#NA, 500000,2014,NOVO,nan,#NA,#NA,#NA
25119,"Clinical Sciences in Malmö, Lund Universitet","MD, Ph.D",Hindrik Mulder,#NA,#NA,#NA,#NA, 300000,2014,NOVO,nan,#NA,#NA,#NA
25270,Aarhus Universitet,"Praktiserende læge, professor, dr. med.",Torsten Lauritzen,#NA,#NA,#NA,#NA, 250000,2014,NOVO,nan,#NA,#NA,#NA
25334,"Medicinsk Endokrinologisk afd., Aarhus Universitetshospital","Overlæge, ph.d., dr.med",Claus Højbjerg Gravholt,#NA,#NA,#NA,#NA, 2500000,2013,NOVO,nan,#NA,#NA,#NA
25374,"Clinical Sciences in Malmö, Lund Universitet",Professor,Hindrik Mulder,#NA,#NA,#NA,#NA, 250000,2013,NOVO,nan,#NA,#NA,#NA
25387,nan,Professor,Jens Juul Holst,#NA,#NA,#NA,#NA,nan,2013,NOVO,nan,#NA,#NA,#NA
25424,nan,Professor,Lars Køber,#NA,#NA,#NA,#NA,nan,2013,NOVO,nan,#NA,#NA,#NA
25456,"Institute of Health Sciences, Oulu Universitet",Professor,Mika Ala-Korpela,#NA,#NA,#NA,#NA, 450000,2013,NOVO,nan,#NA,#NA,#NA
25502,nan,"Professor, dr.med.",Søren K. Moestrup,#NA,#NA,#NA,#NA,nan,2013,NOVO,nan,#NA,#NA,#NA
25560,nan,Professor,Anthony Weetman,#NA,#NA,#NA,#NA,nan,2012,NOVO,"Gave the prize lecture ""Thyroid autoimmunity for clinicals"" i Oslo",#NA,#NA,#NA
25588,nan,"Professor, dr.med.",Erik A. Richter,#NA,#NA,#NA,#NA,nan,2012,NOVO,nan,#NA,#NA,#NA
25604,nan,"Professor, overlæge, dr.med.",Henrik Toft Sørensen,#NA,#NA,#NA,#NA,nan,2012,NOVO,nan,#NA,#NA,#NA
25696,nan,"Professor, overlæge, dr. med.",Moustapha Kassem,#NA,#NA,#NA,#NA,nan,2012,NOVO,nan,#NA,#NA,#NA
25859,nan,"Professor, overlæge, dr. med.",Jens D. Lundgren,#NA,#NA,#NA,#NA,nan,2011,NOVO,nan,#NA,#NA,#NA
25865,nan,Professor,Johan Auwerx,#NA,#NA,#NA,#NA,nan,2011,NOVO,"Gave the prize lecture ""NAD sensors to integrate metabolism"" i Helsinki",#NA,#NA,#NA
25905,"7001, Rigshospitalet",Forsker,Mary Jarden,#NA,#NA,#NA,#NA, 300000,2011,NOVO,nan,#NA,#NA,#NA
25910,"Molekylær Farmakologi, Københavns Universitet",Professor,Mette Marie Rosenkilde,#NA,#NA,#NA,#NA, 500000,2011,NOVO,nan,#NA,#NA,#NA
25941,nan,dr. med.,Peter Lawætz Andersen,#NA,#NA,#NA,#NA,nan,2011,NOVO,nan,#NA,#NA,#NA
25967,"Centre of Inflammation and Metabolism, Rigshospitalet",Dr,Thomas Solomon,#NA,#NA,#NA,#NA, 350000,2011,NOVO,nan,#NA,#NA,#NA
25974,nan,"Professor, overlæge, dr.med.",Ulla Feldt-Rasmussen,#NA,#NA,#NA,#NA,nan,2011,NOVO,nan,#NA,#NA,#NA
26032,nan,"Professor, dr. med.",Erling Falk,#NA,#NA,#NA,#NA,nan,2010,NOVO,nan,#NA,#NA,#NA
26041,nan,Professor,Gerard Karsenty,#NA,#NA,#NA,#NA,nan,2010,NOVO,"Gave the prize lecture ""The Novel Endocrinology of Bone"" i København",#NA,#NA,#NA
26062,nan,"Professor, dr.odont.",Henrik Clausen,#NA,#NA,#NA,#NA,nan,2010,NOVO,nan,#NA,#NA,#NA
26181,nan,"Professor, overlæge, dr.med.",Torsten Toftegaard Nielsen,#NA,#NA,#NA,#NA,nan,2010,NOVO,nan,#NA,#NA,#NA
26211,nan,"Professor, dr.med.",Bent Smedegaard Ottesen,#NA,#NA,#NA,#NA,nan,2009,NOVO,nan,#NA,#NA,#NA
26338,nan,Professor,Michael P. Czech,#NA,#NA,#NA,#NA,nan,2009,NOVO,"Gave the prize lecture ""RNAi-based therapeutic strategies for inflammation and metabolic disease"" i Umeå",#NA,#NA,#NA
26378,nan,"Adm.dir., professor, dr.med.",Søren Nielsen,#NA,#NA,#NA,#NA,nan,2009,NOVO,nan,#NA,#NA,#NA
26385,nan,"Professor, overlæge, dr.med.",Sten Madsbad,#NA,#NA,#NA,#NA,nan,2009,NOVO,nan,#NA,#NA,#NA
26451,nan,Professor,Emmanuel Van Obberghen,#NA,#NA,#NA,#NA,nan,2008,NOVO,"Gave the prize lecture ""Diabetes and its complications - when insulin action goes wrong"" i Göteborg",#NA,#NA,#NA
26466,nan,"Lektor, overlæge, dr. med",Gorm Boje Jensen,#NA,#NA,#NA,#NA,nan,2008,NOVO,nan,#NA,#NA,#NA
26471,nan,"Professor, dr.med.",Hans Jørgen Gottlieb Gundersen,#NA,#NA,#NA,#NA,nan,2008,NOVO,nan,#NA,#NA,#NA
26516,nan,"Professor, direktør",Kristian Helin,#NA,#NA,#NA,#NA,nan,2008,NOVO,nan,#NA,#NA,#NA
26702,nan,"Professor, overlæge, dr.med.",Hendrik Vilstrup,#NA,#NA,#NA,#NA,nan,2007,NOVO,nan,#NA,#NA,#NA
26770,nan,"Professor, dr.med",Marja Jäättelä,#NA,#NA,#NA,#NA,nan,2007,NOVO,nan,#NA,#NA,#NA
26795,nan,"Professor, overlæge, dr.med",Oluf Borbye Pedersen,#NA,#NA,#NA,#NA,nan,2007,NOVO,nan,#NA,#NA,#NA
26869,nan,"Professor, overlæge, dr.med.",Allan Flyvbjerg,#NA,#NA,#NA,#NA,nan,2006,NOVO,nan,#NA,#NA,#NA
26874,nan,"Professor, overlæge, dr.med.",Andreas Kjær,#NA,#NA,#NA,#NA,nan,2006,NOVO,nan,#NA,#NA,#NA
26943,nan,"Professor, dr.med.",Henning Beck-Nielsen,#NA,#NA,#NA,#NA,nan,2006,NOVO,nan,#NA,#NA,#NA
27143,"Lund University, Dept. of Clinical Sciences",PhD,Caroline Magnusson,#NA,#NA,#NA,#NA, 150000,2005,NOVO,nan,#NA,#NA,#NA
27189,nan,"Professor, overlæge, dr.med.",Henning Beck-Nielsen,#NA,#NA,#NA,#NA,nan,2005,NOVO,nan,#NA,#NA,#NA
27245,nan,"Professor, dr.med.",Mads Melbye,#NA,#NA,#NA,#NA,nan,2005,NOVO,nan,#NA,#NA,#NA
27326,nan,"Professor, overlæge, dr.med.",Vibeke Hjortdal,#NA,#NA,#NA,#NA,nan,2005,NOVO,nan,#NA,#NA,#NA
27353,nan,"Professor, overlæge, dr.med.",Bente Klarlund Pedersen,#NA,#NA,#NA,#NA,nan,2004,NOVO,nan,#NA,#NA,#NA
27471,nan,Professor,Matthias Mann (delt),#NA,#NA,#NA,#NA,nan,2004,NOVO,nan,#NA,#NA,#NA
27504,nan,Professor,Peter Roepstorff (delt),#NA,#NA,#NA,#NA,nan,2004,NOVO,nan,#NA,#NA,#NA
29340,"Børne- og Ungdomspsykiatri Odense, Psykiatrien i Region Syddanmark, Landsdækkende",#NA,#NA,#NA,#NA,#NA,#NA,nan,2023,TRYGFONDEN,Sårbare børn og mental sundhed,#NA,BØRN OG UNGE - Alle med fra start,#NA
29683,"SDU, Landsdækkende",#NA,#NA,#NA,#NA,#NA,#NA,nan,2023,TRYGFONDEN,Fellow Program,#NA,"STÆRKE RAMMER FOR TRYGHED - Styrk civilsamfund, debat og demokrati",#NA
30506,"Region Nordjylland ved Aalborg Universitetshospital, Landsdækkende",#NA,#NA,#NA,#NA,#NA,#NA,nan,2021,TRYGFONDEN,TrygFondens Familiehus Aalborg,#NA,TRYGHED I HVERDAGEN - Andet,#NA
31302,"Rigshospitalet, Landsdækkende",#NA,#NA,#NA,#NA,#NA,#NA,nan,2020,TRYGFONDEN,TFs Center for Aktiv Sundhed,#NA,ANDET,#NA
31973,"Rigshospitalet, Glostrup., Landsdækkende",#NA,#NA,#NA,#NA,#NA,#NA,nan,2019,TRYGFONDEN,Trygfondens Familiehus,#NA,SUNDHED,#NA
32023,"Mary Fonden, Landsdækkende",#NA,#NA,#NA,#NA,#NA,#NA,nan,2019,TRYGFONDEN,Femårigt partnerskab,#NA,BØRN OG UNGE,#NA
32710,"Rigshospitalet, Landsdækkende",#NA,#NA,#NA,#NA,#NA,#NA,nan,2018,TRYGFONDEN,Klinik for Intensiv Livsstil,#NA,ANDET,#NA
33469,"Forskningscenter for Forebyggelse og Sundhed, Region Hovedstaden, Landsdækkende",#NA,#NA,#NA,#NA,#NA,#NA,nan,2017,TRYGFONDEN,The DanFunD study,#NA,SUNDHED,#NA
34179,"Psykiatrien i Region Syddanmark, Landsdækkende",#NA,#NA,#NA,#NA,#NA,#NA,nan,2016,TRYGFONDEN,Sekretariat for SDQ/DAWBA,#NA,GAMMELT,#NA
34264,"Århus Motorbådsklub , Midtjylland",#NA,#NA,#NA,#NA,#NA,#NA,nan,2015,TRYGFONDEN,Lån en redningsvest til børn,#NA,GAMMELT,#NA
34469,"Psykiatrien i Region Syddanmark, Landsdækkende",#NA,#NA,#NA,#NA,#NA,#NA,nan,2015,TRYGFONDEN,Sekretariat for SDQ/DAWBA,#NA,GAMMELT,#NA
34737,"Foreningen: Ulbølles Aktive Mødested, Syddanmark",#NA,#NA,#NA,#NA,#NA,#NA,nan,2015,TRYGFONDEN,sikkerhedsudstyr til mødeplads,#NA,GAMMELT,#NA
35119,"Den Præhospitale Virksomhed - Akutberedskabet, Landsdækkende",#NA,#NA,#NA,#NA,#NA,#NA,nan,2014,TRYGFONDEN,Redder hjertestartere liv?,#NA,GAMMELT,#NA
35424,"Aarhus Universitetshospital, Landsdækkende",#NA,#NA,#NA,#NA,#NA,#NA,nan,2014,TRYGFONDEN,Helikopterlandingsplads,#NA,GAMMELT,#NA
35471,"Dansk Skoleidræt, Landsdækkende",#NA,#NA,#NA,#NA,#NA,#NA,nan,2014,TRYGFONDEN,Projekt Gåbus,#NA,GAMMELT,#NA
36160,nan,#NA,#NA,#NA,#NA,#NA,#NA,20000,2024,VELUX,"Etablering af mindre værksted, til skabelse af skulpturelle unikke værker i træ ",#NA,Voksenlivets overgange og forandringer,#NA
36232,nan,#NA,#NA,#NA,#NA,#NA,#NA,7000,2024,VELUX,Udstillingen: På slap line ,#NA,Voksenlivets overgange og forandringer,#NA
36573,nan,#NA,#NA,#NA,#NA,#NA,#NA,22500,2023,VELUX,Bogudgivelse: Fra Borup og Enghøj Sogne ,#NA,Voksenlivets overgange og forandringer,#NA
36583,nan,#NA,#NA,#NA,#NA,#NA,#NA,20000,2023,VELUX,CD-indspilning for Naxos 2022-23: Lars Aksel Bisgaards klaverværker ,#NA,Voksenlivets overgange og forandringer,#NA
36624,nan,#NA,#NA,#NA,#NA,#NA,#NA,25000,2023,VELUX,Hædersgave ,#NA,Voksenlivets overgange og forandringer,#NA
36715,nan,#NA,#NA,#NA,#NA,#NA,#NA,5000,2023,VELUX,Bogudgivelse: Wernberg-Møller - En familiekrønike ,#NA,Voksenlivets overgange og forandringer,#NA
36770,nan,#NA,#NA,#NA,#NA,#NA,#NA,5000,2023,VELUX,Lydbog: Rejsning - I kærlighedens navn ,#NA,Voksenlivets overgange og forandringer,#NA
36771,nan,#NA,#NA,#NA,#NA,#NA,#NA,10000,2023,VELUX,Bogudgivelse: Far og søn ,#NA,Voksenlivets overgange og forandringer,#NA
36797,nan,#NA,#NA,#NA,#NA,#NA,#NA,6000,2023,VELUX,"Jung og kredsen omkring ham, et karakterologisk studie ",#NA,Voksenlivets overgange og forandringer,#NA
36873,nan,#NA,#NA,#NA,#NA,#NA,#NA,10000,2023,VELUX,Bogudgivelse: Hesbjerg Økosamfund ,#NA,Voksenlivets overgange og forandringer,#NA
36943,nan,#NA,#NA,#NA,#NA,#NA,#NA,11250,2022,VELUX,Bogudgivelse: Legenderne og Stjernerne i Cricket ,#NA,Voksenlivets overgange og forandringer,#NA
36946,nan,#NA,#NA,#NA,#NA,#NA,#NA,15000,2022,VELUX,Bogudgivelse: Hørsholm Kirke 200 år (1823-2023) ,#NA,Voksenlivets overgange og forandringer,#NA
36980,nan,#NA,#NA,#NA,#NA,#NA,#NA,15000,2022,VELUX,Videre udvikling af mit grafiske værk ,#NA,Voksenlivets overgange og forandringer,#NA
36997,nan,#NA,#NA,#NA,#NA,#NA,#NA,7500,2022,VELUX,Bogudgivelse: Tråde i tiden ,#NA,Voksenlivets overgange og forandringer,#NA
37015,nan,#NA,#NA,#NA,#NA,#NA,#NA,15000,2022,VELUX,CD-indspilning for Naxos 2022: Lars Aksel Bisgaard klaverværker ,#NA,Voksenlivets overgange og forandringer,#NA
37045,nan,#NA,#NA,#NA,#NA,#NA,#NA,7500,2022,VELUX,Bogudgivelse: Øjeblikke - indtryk og udtryk ,#NA,Voksenlivets overgange og forandringer,#NA
37075,nan,#NA,#NA,#NA,#NA,#NA,#NA,5750,2022,VELUX,Udstillingsprojekt: Sammen - hver for sig ,#NA,Voksenlivets overgange og forandringer,#NA
37097,nan,#NA,#NA,#NA,#NA,#NA,#NA,10000,2022,VELUX,Bogudgivelse: Sejr for enhver pris ,#NA,Voksenlivets overgange og forandringer,#NA
37365,nan,#NA,#NA,#NA,#NA,#NA,#NA,15000,2022,VELUX,Filmudgivelse: Kha ,#NA,Voksenlivets overgange og forandringer,#NA
